Copyright 1986-2022 Xilinx, Inc. All Rights Reserved. Copyright 2022-2025 Advanced Micro Devices, Inc. All Rights Reserved.
--------------------------------------------------------------------------------------------------------------------------------------------------------------
| Tool Version : Vivado v.2025.2 (win64) Build 6299465 Fri Nov 14 19:35:11 GMT 2025
| Date         : Wed Aug  5 00:26:47 2026
| Host         : LAPTOP-OJRLD0H9 running 64-bit major release  (build 9200)
| Command      : report_methodology -file RISCV_SC_methodology_drc_routed.rpt -pb RISCV_SC_methodology_drc_routed.pb -rpx RISCV_SC_methodology_drc_routed.rpx
| Design       : RISCV_SC
| Device       : xczu5ev-sfvc784-1LV-i
| Speed File   : -1LV
| Design State : Fully Routed
--------------------------------------------------------------------------------------------------------------------------------------------------------------

Report Methodology

Table of Contents
-----------------
1. REPORT SUMMARY
2. REPORT DETAILS

1. REPORT SUMMARY
-----------------
            Netlist: netlist
          Floorplan: design_1
      Design limits: <entire design considered>
             Max checks: <unlimited>
             Checks found: 1000
+-----------+------------------+-----------------------------+--------+
| Rule      | Severity         | Description                 | Checks |
+-----------+------------------+-----------------------------+--------+
| TIMING-17 | Critical Warning | Non-clocked sequential cell | 1000   |
+-----------+------------------+-----------------------------+--------+

2. REPORT DETAILS
-----------------
TIMING-17#1 Critical Warning
Non-clocked sequential cell  
The clock pin u_data_memory/mem_reg[0][0]/C is not reached by a timing clock
Related violations: <none>

TIMING-17#2 Critical Warning
Non-clocked sequential cell  
The clock pin u_data_memory/mem_reg[0][1]/C is not reached by a timing clock
Related violations: <none>

TIMING-17#3 Critical Warning
Non-clocked sequential cell  
The clock pin u_data_memory/mem_reg[0][2]/C is not reached by a timing clock
Related violations: <none>

TIMING-17#4 Critical Warning
Non-clocked sequential cell  
The clock pin u_data_memory/mem_reg[0][3]/C is not reached by a timing clock
Related violations: <none>

TIMING-17#5 Critical Warning
Non-clocked sequential cell  
The clock pin u_data_memory/mem_reg[0][4]/C is not reached by a timing clock
Related violations: <none>

TIMING-17#6 Critical Warning
Non-clocked sequential cell  
The clock pin u_data_memory/mem_reg[0][5]/C is not reached by a timing clock
Related violations: <none>

TIMING-17#7 Critical Warning
Non-clocked sequential cell  
The clock pin u_data_memory/mem_reg[0][6]/C is not reached by a timing clock
Related violations: <none>

TIMING-17#8 Critical Warning
Non-clocked sequential cell  
The clock pin u_data_memory/mem_reg[0][7]/C is not reached by a timing clock
Related violations: <none>

TIMING-17#9 Critical Warning
Non-clocked sequential cell  
The clock pin u_data_memory/mem_reg[1000][0]/C is not reached by a timing clock
Related violations: <none>

TIMING-17#10 Critical Warning
Non-clocked sequential cell  
The clock pin u_data_memory/mem_reg[1000][1]/C is not reached by a timing clock
Related violations: <none>

TIMING-17#11 Critical Warning
Non-clocked sequential cell  
The clock pin u_data_memory/mem_reg[1000][2]/C is not reached by a timing clock
Related violations: <none>

TIMING-17#12 Critical Warning
Non-clocked sequential cell  
The clock pin u_data_memory/mem_reg[1000][3]/C is not reached by a timing clock
Related violations: <none>

TIMING-17#13 Critical Warning
Non-clocked sequential cell  
The clock pin u_data_memory/mem_reg[1000][4]/C is not reached by a timing clock
Related violations: <none>

TIMING-17#14 Critical Warning
Non-clocked sequential cell  
The clock pin u_data_memory/mem_reg[1000][5]/C is not reached by a timing clock
Related violations: <none>

TIMING-17#15 Critical Warning
Non-clocked sequential cell  
The clock pin u_data_memory/mem_reg[1000][6]/C is not reached by a timing clock
Related violations: <none>

TIMING-17#16 Critical Warning
Non-clocked sequential cell  
The clock pin u_data_memory/mem_reg[1000][7]/C is not reached by a timing clock
Related violations: <none>

TIMING-17#17 Critical Warning
Non-clocked sequential cell  
The clock pin u_data_memory/mem_reg[1001][0]/C is not reached by a timing clock
Related violations: <none>

TIMING-17#18 Critical Warning
Non-clocked sequential cell  
The clock pin u_data_memory/mem_reg[1001][1]/C is not reached by a timing clock
Related violations: <none>

TIMING-17#19 Critical Warning
Non-clocked sequential cell  
The clock pin u_data_memory/mem_reg[1001][2]/C is not reached by a timing clock
Related violations: <none>

TIMING-17#20 Critical Warning
Non-clocked sequential cell  
The clock pin u_data_memory/mem_reg[1001][3]/C is not reached by a timing clock
Related violations: <none>

TIMING-17#21 Critical Warning
Non-clocked sequential cell  
The clock pin u_data_memory/mem_reg[1001][4]/C is not reached by a timing clock
Related violations: <none>

TIMING-17#22 Critical Warning
Non-clocked sequential cell  
The clock pin u_data_memory/mem_reg[1001][5]/C is not reached by a timing clock
Related violations: <none>

TIMING-17#23 Critical Warning
Non-clocked sequential cell  
The clock pin u_data_memory/mem_reg[1001][6]/C is not reached by a timing clock
Related violations: <none>

TIMING-17#24 Critical Warning
Non-clocked sequential cell  
The clock pin u_data_memory/mem_reg[1001][7]/C is not reached by a timing clock
Related violations: <none>

TIMING-17#25 Critical Warning
Non-clocked sequential cell  
The clock pin u_data_memory/mem_reg[1002][0]/C is not reached by a timing clock
Related violations: <none>

TIMING-17#26 Critical Warning
Non-clocked sequential cell  
The clock pin u_data_memory/mem_reg[1002][1]/C is not reached by a timing clock
Related violations: <none>

TIMING-17#27 Critical Warning
Non-clocked sequential cell  
The clock pin u_data_memory/mem_reg[1002][2]/C is not reached by a timing clock
Related violations: <none>

TIMING-17#28 Critical Warning
Non-clocked sequential cell  
The clock pin u_data_memory/mem_reg[1002][3]/C is not reached by a timing clock
Related violations: <none>

TIMING-17#29 Critical Warning
Non-clocked sequential cell  
The clock pin u_data_memory/mem_reg[1002][4]/C is not reached by a timing clock
Related violations: <none>

TIMING-17#30 Critical Warning
Non-clocked sequential cell  
The clock pin u_data_memory/mem_reg[1002][5]/C is not reached by a timing clock
Related violations: <none>

TIMING-17#31 Critical Warning
Non-clocked sequential cell  
The clock pin u_data_memory/mem_reg[1002][6]/C is not reached by a timing clock
Related violations: <none>

TIMING-17#32 Critical Warning
Non-clocked sequential cell  
The clock pin u_data_memory/mem_reg[1002][7]/C is not reached by a timing clock
Related violations: <none>

TIMING-17#33 Critical Warning
Non-clocked sequential cell  
The clock pin u_data_memory/mem_reg[1003][0]/C is not reached by a timing clock
Related violations: <none>

TIMING-17#34 Critical Warning
Non-clocked sequential cell  
The clock pin u_data_memory/mem_reg[1003][1]/C is not reached by a timing clock
Related violations: <none>

TIMING-17#35 Critical Warning
Non-clocked sequential cell  
The clock pin u_data_memory/mem_reg[1003][2]/C is not reached by a timing clock
Related violations: <none>

TIMING-17#36 Critical Warning
Non-clocked sequential cell  
The clock pin u_data_memory/mem_reg[1003][3]/C is not reached by a timing clock
Related violations: <none>

TIMING-17#37 Critical Warning
Non-clocked sequential cell  
The clock pin u_data_memory/mem_reg[1003][4]/C is not reached by a timing clock
Related violations: <none>

TIMING-17#38 Critical Warning
Non-clocked sequential cell  
The clock pin u_data_memory/mem_reg[1003][5]/C is not reached by a timing clock
Related violations: <none>

TIMING-17#39 Critical Warning
Non-clocked sequential cell  
The clock pin u_data_memory/mem_reg[1003][6]/C is not reached by a timing clock
Related violations: <none>

TIMING-17#40 Critical Warning
Non-clocked sequential cell  
The clock pin u_data_memory/mem_reg[1003][7]/C is not reached by a timing clock
Related violations: <none>

TIMING-17#41 Critical Warning
Non-clocked sequential cell  
The clock pin u_data_memory/mem_reg[1004][0]/C is not reached by a timing clock
Related violations: <none>

TIMING-17#42 Critical Warning
Non-clocked sequential cell  
The clock pin u_data_memory/mem_reg[1004][1]/C is not reached by a timing clock
Related violations: <none>

TIMING-17#43 Critical Warning
Non-clocked sequential cell  
The clock pin u_data_memory/mem_reg[1004][2]/C is not reached by a timing clock
Related violations: <none>

TIMING-17#44 Critical Warning
Non-clocked sequential cell  
The clock pin u_data_memory/mem_reg[1004][3]/C is not reached by a timing clock
Related violations: <none>

TIMING-17#45 Critical Warning
Non-clocked sequential cell  
The clock pin u_data_memory/mem_reg[1004][4]/C is not reached by a timing clock
Related violations: <none>

TIMING-17#46 Critical Warning
Non-clocked sequential cell  
The clock pin u_data_memory/mem_reg[1004][5]/C is not reached by a timing clock
Related violations: <none>

TIMING-17#47 Critical Warning
Non-clocked sequential cell  
The clock pin u_data_memory/mem_reg[1004][6]/C is not reached by a timing clock
Related violations: <none>

TIMING-17#48 Critical Warning
Non-clocked sequential cell  
The clock pin u_data_memory/mem_reg[1004][7]/C is not reached by a timing clock
Related violations: <none>

TIMING-17#49 Critical Warning
Non-clocked sequential cell  
The clock pin u_data_memory/mem_reg[1005][0]/C is not reached by a timing clock
Related violations: <none>

TIMING-17#50 Critical Warning
Non-clocked sequential cell  
The clock pin u_data_memory/mem_reg[1005][1]/C is not reached by a timing clock
Related violations: <none>

TIMING-17#51 Critical Warning
Non-clocked sequential cell  
The clock pin u_data_memory/mem_reg[1005][2]/C is not reached by a timing clock
Related violations: <none>

TIMING-17#52 Critical Warning
Non-clocked sequential cell  
The clock pin u_data_memory/mem_reg[1005][3]/C is not reached by a timing clock
Related violations: <none>

TIMING-17#53 Critical Warning
Non-clocked sequential cell  
The clock pin u_data_memory/mem_reg[1005][4]/C is not reached by a timing clock
Related violations: <none>

TIMING-17#54 Critical Warning
Non-clocked sequential cell  
The clock pin u_data_memory/mem_reg[1005][5]/C is not reached by a timing clock
Related violations: <none>

TIMING-17#55 Critical Warning
Non-clocked sequential cell  
The clock pin u_data_memory/mem_reg[1005][6]/C is not reached by a timing clock
Related violations: <none>

TIMING-17#56 Critical Warning
Non-clocked sequential cell  
The clock pin u_data_memory/mem_reg[1005][7]/C is not reached by a timing clock
Related violations: <none>

TIMING-17#57 Critical Warning
Non-clocked sequential cell  
The clock pin u_data_memory/mem_reg[1006][0]/C is not reached by a timing clock
Related violations: <none>

TIMING-17#58 Critical Warning
Non-clocked sequential cell  
The clock pin u_data_memory/mem_reg[1006][1]/C is not reached by a timing clock
Related violations: <none>

TIMING-17#59 Critical Warning
Non-clocked sequential cell  
The clock pin u_data_memory/mem_reg[1006][2]/C is not reached by a timing clock
Related violations: <none>

TIMING-17#60 Critical Warning
Non-clocked sequential cell  
The clock pin u_data_memory/mem_reg[1006][3]/C is not reached by a timing clock
Related violations: <none>

TIMING-17#61 Critical Warning
Non-clocked sequential cell  
The clock pin u_data_memory/mem_reg[1006][4]/C is not reached by a timing clock
Related violations: <none>

TIMING-17#62 Critical Warning
Non-clocked sequential cell  
The clock pin u_data_memory/mem_reg[1006][5]/C is not reached by a timing clock
Related violations: <none>

TIMING-17#63 Critical Warning
Non-clocked sequential cell  
The clock pin u_data_memory/mem_reg[1006][6]/C is not reached by a timing clock
Related violations: <none>

TIMING-17#64 Critical Warning
Non-clocked sequential cell  
The clock pin u_data_memory/mem_reg[1006][7]/C is not reached by a timing clock
Related violations: <none>

TIMING-17#65 Critical Warning
Non-clocked sequential cell  
The clock pin u_data_memory/mem_reg[1007][0]/C is not reached by a timing clock
Related violations: <none>

TIMING-17#66 Critical Warning
Non-clocked sequential cell  
The clock pin u_data_memory/mem_reg[1007][1]/C is not reached by a timing clock
Related violations: <none>

TIMING-17#67 Critical Warning
Non-clocked sequential cell  
The clock pin u_data_memory/mem_reg[1007][2]/C is not reached by a timing clock
Related violations: <none>

TIMING-17#68 Critical Warning
Non-clocked sequential cell  
The clock pin u_data_memory/mem_reg[1007][3]/C is not reached by a timing clock
Related violations: <none>

TIMING-17#69 Critical Warning
Non-clocked sequential cell  
The clock pin u_data_memory/mem_reg[1007][4]/C is not reached by a timing clock
Related violations: <none>

TIMING-17#70 Critical Warning
Non-clocked sequential cell  
The clock pin u_data_memory/mem_reg[1007][5]/C is not reached by a timing clock
Related violations: <none>

TIMING-17#71 Critical Warning
Non-clocked sequential cell  
The clock pin u_data_memory/mem_reg[1007][6]/C is not reached by a timing clock
Related violations: <none>

TIMING-17#72 Critical Warning
Non-clocked sequential cell  
The clock pin u_data_memory/mem_reg[1007][7]/C is not reached by a timing clock
Related violations: <none>

TIMING-17#73 Critical Warning
Non-clocked sequential cell  
The clock pin u_data_memory/mem_reg[1008][0]/C is not reached by a timing clock
Related violations: <none>

TIMING-17#74 Critical Warning
Non-clocked sequential cell  
The clock pin u_data_memory/mem_reg[1008][1]/C is not reached by a timing clock
Related violations: <none>

TIMING-17#75 Critical Warning
Non-clocked sequential cell  
The clock pin u_data_memory/mem_reg[1008][2]/C is not reached by a timing clock
Related violations: <none>

TIMING-17#76 Critical Warning
Non-clocked sequential cell  
The clock pin u_data_memory/mem_reg[1008][3]/C is not reached by a timing clock
Related violations: <none>

TIMING-17#77 Critical Warning
Non-clocked sequential cell  
The clock pin u_data_memory/mem_reg[1008][4]/C is not reached by a timing clock
Related violations: <none>

TIMING-17#78 Critical Warning
Non-clocked sequential cell  
The clock pin u_data_memory/mem_reg[1008][5]/C is not reached by a timing clock
Related violations: <none>

TIMING-17#79 Critical Warning
Non-clocked sequential cell  
The clock pin u_data_memory/mem_reg[1008][6]/C is not reached by a timing clock
Related violations: <none>

TIMING-17#80 Critical Warning
Non-clocked sequential cell  
The clock pin u_data_memory/mem_reg[1008][7]/C is not reached by a timing clock
Related violations: <none>

TIMING-17#81 Critical Warning
Non-clocked sequential cell  
The clock pin u_data_memory/mem_reg[1009][0]/C is not reached by a timing clock
Related violations: <none>

TIMING-17#82 Critical Warning
Non-clocked sequential cell  
The clock pin u_data_memory/mem_reg[1009][1]/C is not reached by a timing clock
Related violations: <none>

TIMING-17#83 Critical Warning
Non-clocked sequential cell  
The clock pin u_data_memory/mem_reg[1009][2]/C is not reached by a timing clock
Related violations: <none>

TIMING-17#84 Critical Warning
Non-clocked sequential cell  
The clock pin u_data_memory/mem_reg[1009][3]/C is not reached by a timing clock
Related violations: <none>

TIMING-17#85 Critical Warning
Non-clocked sequential cell  
The clock pin u_data_memory/mem_reg[1009][4]/C is not reached by a timing clock
Related violations: <none>

TIMING-17#86 Critical Warning
Non-clocked sequential cell  
The clock pin u_data_memory/mem_reg[1009][5]/C is not reached by a timing clock
Related violations: <none>

TIMING-17#87 Critical Warning
Non-clocked sequential cell  
The clock pin u_data_memory/mem_reg[1009][6]/C is not reached by a timing clock
Related violations: <none>

TIMING-17#88 Critical Warning
Non-clocked sequential cell  
The clock pin u_data_memory/mem_reg[1009][7]/C is not reached by a timing clock
Related violations: <none>

TIMING-17#89 Critical Warning
Non-clocked sequential cell  
The clock pin u_data_memory/mem_reg[100][0]/C is not reached by a timing clock
Related violations: <none>

TIMING-17#90 Critical Warning
Non-clocked sequential cell  
The clock pin u_data_memory/mem_reg[100][1]/C is not reached by a timing clock
Related violations: <none>

TIMING-17#91 Critical Warning
Non-clocked sequential cell  
The clock pin u_data_memory/mem_reg[100][2]/C is not reached by a timing clock
Related violations: <none>

TIMING-17#92 Critical Warning
Non-clocked sequential cell  
The clock pin u_data_memory/mem_reg[100][3]/C is not reached by a timing clock
Related violations: <none>

TIMING-17#93 Critical Warning
Non-clocked sequential cell  
The clock pin u_data_memory/mem_reg[100][4]/C is not reached by a timing clock
Related violations: <none>

TIMING-17#94 Critical Warning
Non-clocked sequential cell  
The clock pin u_data_memory/mem_reg[100][5]/C is not reached by a timing clock
Related violations: <none>

TIMING-17#95 Critical Warning
Non-clocked sequential cell  
The clock pin u_data_memory/mem_reg[100][6]/C is not reached by a timing clock
Related violations: <none>

TIMING-17#96 Critical Warning
Non-clocked sequential cell  
The clock pin u_data_memory/mem_reg[100][7]/C is not reached by a timing clock
Related violations: <none>

TIMING-17#97 Critical Warning
Non-clocked sequential cell  
The clock pin u_data_memory/mem_reg[1010][0]/C is not reached by a timing clock
Related violations: <none>

TIMING-17#98 Critical Warning
Non-clocked sequential cell  
The clock pin u_data_memory/mem_reg[1010][1]/C is not reached by a timing clock
Related violations: <none>

TIMING-17#99 Critical Warning
Non-clocked sequential cell  
The clock pin u_data_memory/mem_reg[1010][2]/C is not reached by a timing clock
Related violations: <none>

TIMING-17#100 Critical Warning
Non-clocked sequential cell  
The clock pin u_data_memory/mem_reg[1010][3]/C is not reached by a timing clock
Related violations: <none>

TIMING-17#101 Critical Warning
Non-clocked sequential cell  
The clock pin u_data_memory/mem_reg[1010][4]/C is not reached by a timing clock
Related violations: <none>

TIMING-17#102 Critical Warning
Non-clocked sequential cell  
The clock pin u_data_memory/mem_reg[1010][5]/C is not reached by a timing clock
Related violations: <none>

TIMING-17#103 Critical Warning
Non-clocked sequential cell  
The clock pin u_data_memory/mem_reg[1010][6]/C is not reached by a timing clock
Related violations: <none>

TIMING-17#104 Critical Warning
Non-clocked sequential cell  
The clock pin u_data_memory/mem_reg[1010][7]/C is not reached by a timing clock
Related violations: <none>

TIMING-17#105 Critical Warning
Non-clocked sequential cell  
The clock pin u_data_memory/mem_reg[1011][0]/C is not reached by a timing clock
Related violations: <none>

TIMING-17#106 Critical Warning
Non-clocked sequential cell  
The clock pin u_data_memory/mem_reg[1011][1]/C is not reached by a timing clock
Related violations: <none>

TIMING-17#107 Critical Warning
Non-clocked sequential cell  
The clock pin u_data_memory/mem_reg[1011][2]/C is not reached by a timing clock
Related violations: <none>

TIMING-17#108 Critical Warning
Non-clocked sequential cell  
The clock pin u_data_memory/mem_reg[1011][3]/C is not reached by a timing clock
Related violations: <none>

TIMING-17#109 Critical Warning
Non-clocked sequential cell  
The clock pin u_data_memory/mem_reg[1011][4]/C is not reached by a timing clock
Related violations: <none>

TIMING-17#110 Critical Warning
Non-clocked sequential cell  
The clock pin u_data_memory/mem_reg[1011][5]/C is not reached by a timing clock
Related violations: <none>

TIMING-17#111 Critical Warning
Non-clocked sequential cell  
The clock pin u_data_memory/mem_reg[1011][6]/C is not reached by a timing clock
Related violations: <none>

TIMING-17#112 Critical Warning
Non-clocked sequential cell  
The clock pin u_data_memory/mem_reg[1011][7]/C is not reached by a timing clock
Related violations: <none>

TIMING-17#113 Critical Warning
Non-clocked sequential cell  
The clock pin u_data_memory/mem_reg[1012][0]/C is not reached by a timing clock
Related violations: <none>

TIMING-17#114 Critical Warning
Non-clocked sequential cell  
The clock pin u_data_memory/mem_reg[1012][1]/C is not reached by a timing clock
Related violations: <none>

TIMING-17#115 Critical Warning
Non-clocked sequential cell  
The clock pin u_data_memory/mem_reg[1012][2]/C is not reached by a timing clock
Related violations: <none>

TIMING-17#116 Critical Warning
Non-clocked sequential cell  
The clock pin u_data_memory/mem_reg[1012][3]/C is not reached by a timing clock
Related violations: <none>

TIMING-17#117 Critical Warning
Non-clocked sequential cell  
The clock pin u_data_memory/mem_reg[1012][4]/C is not reached by a timing clock
Related violations: <none>

TIMING-17#118 Critical Warning
Non-clocked sequential cell  
The clock pin u_data_memory/mem_reg[1012][5]/C is not reached by a timing clock
Related violations: <none>

TIMING-17#119 Critical Warning
Non-clocked sequential cell  
The clock pin u_data_memory/mem_reg[1012][6]/C is not reached by a timing clock
Related violations: <none>

TIMING-17#120 Critical Warning
Non-clocked sequential cell  
The clock pin u_data_memory/mem_reg[1012][7]/C is not reached by a timing clock
Related violations: <none>

TIMING-17#121 Critical Warning
Non-clocked sequential cell  
The clock pin u_data_memory/mem_reg[1013][0]/C is not reached by a timing clock
Related violations: <none>

TIMING-17#122 Critical Warning
Non-clocked sequential cell  
The clock pin u_data_memory/mem_reg[1013][1]/C is not reached by a timing clock
Related violations: <none>

TIMING-17#123 Critical Warning
Non-clocked sequential cell  
The clock pin u_data_memory/mem_reg[1013][2]/C is not reached by a timing clock
Related violations: <none>

TIMING-17#124 Critical Warning
Non-clocked sequential cell  
The clock pin u_data_memory/mem_reg[1013][3]/C is not reached by a timing clock
Related violations: <none>

TIMING-17#125 Critical Warning
Non-clocked sequential cell  
The clock pin u_data_memory/mem_reg[1013][4]/C is not reached by a timing clock
Related violations: <none>

TIMING-17#126 Critical Warning
Non-clocked sequential cell  
The clock pin u_data_memory/mem_reg[1013][5]/C is not reached by a timing clock
Related violations: <none>

TIMING-17#127 Critical Warning
Non-clocked sequential cell  
The clock pin u_data_memory/mem_reg[1013][6]/C is not reached by a timing clock
Related violations: <none>

TIMING-17#128 Critical Warning
Non-clocked sequential cell  
The clock pin u_data_memory/mem_reg[1013][7]/C is not reached by a timing clock
Related violations: <none>

TIMING-17#129 Critical Warning
Non-clocked sequential cell  
The clock pin u_data_memory/mem_reg[1014][0]/C is not reached by a timing clock
Related violations: <none>

TIMING-17#130 Critical Warning
Non-clocked sequential cell  
The clock pin u_data_memory/mem_reg[1014][1]/C is not reached by a timing clock
Related violations: <none>

TIMING-17#131 Critical Warning
Non-clocked sequential cell  
The clock pin u_data_memory/mem_reg[1014][2]/C is not reached by a timing clock
Related violations: <none>

TIMING-17#132 Critical Warning
Non-clocked sequential cell  
The clock pin u_data_memory/mem_reg[1014][3]/C is not reached by a timing clock
Related violations: <none>

TIMING-17#133 Critical Warning
Non-clocked sequential cell  
The clock pin u_data_memory/mem_reg[1014][4]/C is not reached by a timing clock
Related violations: <none>

TIMING-17#134 Critical Warning
Non-clocked sequential cell  
The clock pin u_data_memory/mem_reg[1014][5]/C is not reached by a timing clock
Related violations: <none>

TIMING-17#135 Critical Warning
Non-clocked sequential cell  
The clock pin u_data_memory/mem_reg[1014][6]/C is not reached by a timing clock
Related violations: <none>

TIMING-17#136 Critical Warning
Non-clocked sequential cell  
The clock pin u_data_memory/mem_reg[1014][7]/C is not reached by a timing clock
Related violations: <none>

TIMING-17#137 Critical Warning
Non-clocked sequential cell  
The clock pin u_data_memory/mem_reg[1015][0]/C is not reached by a timing clock
Related violations: <none>

TIMING-17#138 Critical Warning
Non-clocked sequential cell  
The clock pin u_data_memory/mem_reg[1015][1]/C is not reached by a timing clock
Related violations: <none>

TIMING-17#139 Critical Warning
Non-clocked sequential cell  
The clock pin u_data_memory/mem_reg[1015][2]/C is not reached by a timing clock
Related violations: <none>

TIMING-17#140 Critical Warning
Non-clocked sequential cell  
The clock pin u_data_memory/mem_reg[1015][3]/C is not reached by a timing clock
Related violations: <none>

TIMING-17#141 Critical Warning
Non-clocked sequential cell  
The clock pin u_data_memory/mem_reg[1015][4]/C is not reached by a timing clock
Related violations: <none>

TIMING-17#142 Critical Warning
Non-clocked sequential cell  
The clock pin u_data_memory/mem_reg[1015][5]/C is not reached by a timing clock
Related violations: <none>

TIMING-17#143 Critical Warning
Non-clocked sequential cell  
The clock pin u_data_memory/mem_reg[1015][6]/C is not reached by a timing clock
Related violations: <none>

TIMING-17#144 Critical Warning
Non-clocked sequential cell  
The clock pin u_data_memory/mem_reg[1015][7]/C is not reached by a timing clock
Related violations: <none>

TIMING-17#145 Critical Warning
Non-clocked sequential cell  
The clock pin u_data_memory/mem_reg[1016][0]/C is not reached by a timing clock
Related violations: <none>

TIMING-17#146 Critical Warning
Non-clocked sequential cell  
The clock pin u_data_memory/mem_reg[1016][1]/C is not reached by a timing clock
Related violations: <none>

TIMING-17#147 Critical Warning
Non-clocked sequential cell  
The clock pin u_data_memory/mem_reg[1016][2]/C is not reached by a timing clock
Related violations: <none>

TIMING-17#148 Critical Warning
Non-clocked sequential cell  
The clock pin u_data_memory/mem_reg[1016][3]/C is not reached by a timing clock
Related violations: <none>

TIMING-17#149 Critical Warning
Non-clocked sequential cell  
The clock pin u_data_memory/mem_reg[1016][4]/C is not reached by a timing clock
Related violations: <none>

TIMING-17#150 Critical Warning
Non-clocked sequential cell  
The clock pin u_data_memory/mem_reg[1016][5]/C is not reached by a timing clock
Related violations: <none>

TIMING-17#151 Critical Warning
Non-clocked sequential cell  
The clock pin u_data_memory/mem_reg[1016][6]/C is not reached by a timing clock
Related violations: <none>

TIMING-17#152 Critical Warning
Non-clocked sequential cell  
The clock pin u_data_memory/mem_reg[1016][7]/C is not reached by a timing clock
Related violations: <none>

TIMING-17#153 Critical Warning
Non-clocked sequential cell  
The clock pin u_data_memory/mem_reg[1017][0]/C is not reached by a timing clock
Related violations: <none>

TIMING-17#154 Critical Warning
Non-clocked sequential cell  
The clock pin u_data_memory/mem_reg[1017][1]/C is not reached by a timing clock
Related violations: <none>

TIMING-17#155 Critical Warning
Non-clocked sequential cell  
The clock pin u_data_memory/mem_reg[1017][2]/C is not reached by a timing clock
Related violations: <none>

TIMING-17#156 Critical Warning
Non-clocked sequential cell  
The clock pin u_data_memory/mem_reg[1017][3]/C is not reached by a timing clock
Related violations: <none>

TIMING-17#157 Critical Warning
Non-clocked sequential cell  
The clock pin u_data_memory/mem_reg[1017][4]/C is not reached by a timing clock
Related violations: <none>

TIMING-17#158 Critical Warning
Non-clocked sequential cell  
The clock pin u_data_memory/mem_reg[1017][5]/C is not reached by a timing clock
Related violations: <none>

TIMING-17#159 Critical Warning
Non-clocked sequential cell  
The clock pin u_data_memory/mem_reg[1017][6]/C is not reached by a timing clock
Related violations: <none>

TIMING-17#160 Critical Warning
Non-clocked sequential cell  
The clock pin u_data_memory/mem_reg[1017][7]/C is not reached by a timing clock
Related violations: <none>

TIMING-17#161 Critical Warning
Non-clocked sequential cell  
The clock pin u_data_memory/mem_reg[1018][0]/C is not reached by a timing clock
Related violations: <none>

TIMING-17#162 Critical Warning
Non-clocked sequential cell  
The clock pin u_data_memory/mem_reg[1018][1]/C is not reached by a timing clock
Related violations: <none>

TIMING-17#163 Critical Warning
Non-clocked sequential cell  
The clock pin u_data_memory/mem_reg[1018][2]/C is not reached by a timing clock
Related violations: <none>

TIMING-17#164 Critical Warning
Non-clocked sequential cell  
The clock pin u_data_memory/mem_reg[1018][3]/C is not reached by a timing clock
Related violations: <none>

TIMING-17#165 Critical Warning
Non-clocked sequential cell  
The clock pin u_data_memory/mem_reg[1018][4]/C is not reached by a timing clock
Related violations: <none>

TIMING-17#166 Critical Warning
Non-clocked sequential cell  
The clock pin u_data_memory/mem_reg[1018][5]/C is not reached by a timing clock
Related violations: <none>

TIMING-17#167 Critical Warning
Non-clocked sequential cell  
The clock pin u_data_memory/mem_reg[1018][6]/C is not reached by a timing clock
Related violations: <none>

TIMING-17#168 Critical Warning
Non-clocked sequential cell  
The clock pin u_data_memory/mem_reg[1018][7]/C is not reached by a timing clock
Related violations: <none>

TIMING-17#169 Critical Warning
Non-clocked sequential cell  
The clock pin u_data_memory/mem_reg[1019][0]/C is not reached by a timing clock
Related violations: <none>

TIMING-17#170 Critical Warning
Non-clocked sequential cell  
The clock pin u_data_memory/mem_reg[1019][1]/C is not reached by a timing clock
Related violations: <none>

TIMING-17#171 Critical Warning
Non-clocked sequential cell  
The clock pin u_data_memory/mem_reg[1019][2]/C is not reached by a timing clock
Related violations: <none>

TIMING-17#172 Critical Warning
Non-clocked sequential cell  
The clock pin u_data_memory/mem_reg[1019][3]/C is not reached by a timing clock
Related violations: <none>

TIMING-17#173 Critical Warning
Non-clocked sequential cell  
The clock pin u_data_memory/mem_reg[1019][4]/C is not reached by a timing clock
Related violations: <none>

TIMING-17#174 Critical Warning
Non-clocked sequential cell  
The clock pin u_data_memory/mem_reg[1019][5]/C is not reached by a timing clock
Related violations: <none>

TIMING-17#175 Critical Warning
Non-clocked sequential cell  
The clock pin u_data_memory/mem_reg[1019][6]/C is not reached by a timing clock
Related violations: <none>

TIMING-17#176 Critical Warning
Non-clocked sequential cell  
The clock pin u_data_memory/mem_reg[1019][7]/C is not reached by a timing clock
Related violations: <none>

TIMING-17#177 Critical Warning
Non-clocked sequential cell  
The clock pin u_data_memory/mem_reg[101][0]/C is not reached by a timing clock
Related violations: <none>

TIMING-17#178 Critical Warning
Non-clocked sequential cell  
The clock pin u_data_memory/mem_reg[101][1]/C is not reached by a timing clock
Related violations: <none>

TIMING-17#179 Critical Warning
Non-clocked sequential cell  
The clock pin u_data_memory/mem_reg[101][2]/C is not reached by a timing clock
Related violations: <none>

TIMING-17#180 Critical Warning
Non-clocked sequential cell  
The clock pin u_data_memory/mem_reg[101][3]/C is not reached by a timing clock
Related violations: <none>

TIMING-17#181 Critical Warning
Non-clocked sequential cell  
The clock pin u_data_memory/mem_reg[101][4]/C is not reached by a timing clock
Related violations: <none>

TIMING-17#182 Critical Warning
Non-clocked sequential cell  
The clock pin u_data_memory/mem_reg[101][5]/C is not reached by a timing clock
Related violations: <none>

TIMING-17#183 Critical Warning
Non-clocked sequential cell  
The clock pin u_data_memory/mem_reg[101][6]/C is not reached by a timing clock
Related violations: <none>

TIMING-17#184 Critical Warning
Non-clocked sequential cell  
The clock pin u_data_memory/mem_reg[101][7]/C is not reached by a timing clock
Related violations: <none>

TIMING-17#185 Critical Warning
Non-clocked sequential cell  
The clock pin u_data_memory/mem_reg[1020][0]/C is not reached by a timing clock
Related violations: <none>

TIMING-17#186 Critical Warning
Non-clocked sequential cell  
The clock pin u_data_memory/mem_reg[1020][1]/C is not reached by a timing clock
Related violations: <none>

TIMING-17#187 Critical Warning
Non-clocked sequential cell  
The clock pin u_data_memory/mem_reg[1020][2]/C is not reached by a timing clock
Related violations: <none>

TIMING-17#188 Critical Warning
Non-clocked sequential cell  
The clock pin u_data_memory/mem_reg[1020][3]/C is not reached by a timing clock
Related violations: <none>

TIMING-17#189 Critical Warning
Non-clocked sequential cell  
The clock pin u_data_memory/mem_reg[1020][4]/C is not reached by a timing clock
Related violations: <none>

TIMING-17#190 Critical Warning
Non-clocked sequential cell  
The clock pin u_data_memory/mem_reg[1020][5]/C is not reached by a timing clock
Related violations: <none>

TIMING-17#191 Critical Warning
Non-clocked sequential cell  
The clock pin u_data_memory/mem_reg[1020][6]/C is not reached by a timing clock
Related violations: <none>

TIMING-17#192 Critical Warning
Non-clocked sequential cell  
The clock pin u_data_memory/mem_reg[1020][7]/C is not reached by a timing clock
Related violations: <none>

TIMING-17#193 Critical Warning
Non-clocked sequential cell  
The clock pin u_data_memory/mem_reg[1021][0]/C is not reached by a timing clock
Related violations: <none>

TIMING-17#194 Critical Warning
Non-clocked sequential cell  
The clock pin u_data_memory/mem_reg[1021][1]/C is not reached by a timing clock
Related violations: <none>

TIMING-17#195 Critical Warning
Non-clocked sequential cell  
The clock pin u_data_memory/mem_reg[1021][2]/C is not reached by a timing clock
Related violations: <none>

TIMING-17#196 Critical Warning
Non-clocked sequential cell  
The clock pin u_data_memory/mem_reg[1021][3]/C is not reached by a timing clock
Related violations: <none>

TIMING-17#197 Critical Warning
Non-clocked sequential cell  
The clock pin u_data_memory/mem_reg[1021][4]/C is not reached by a timing clock
Related violations: <none>

TIMING-17#198 Critical Warning
Non-clocked sequential cell  
The clock pin u_data_memory/mem_reg[1021][5]/C is not reached by a timing clock
Related violations: <none>

TIMING-17#199 Critical Warning
Non-clocked sequential cell  
The clock pin u_data_memory/mem_reg[1021][6]/C is not reached by a timing clock
Related violations: <none>

TIMING-17#200 Critical Warning
Non-clocked sequential cell  
The clock pin u_data_memory/mem_reg[1021][7]/C is not reached by a timing clock
Related violations: <none>

TIMING-17#201 Critical Warning
Non-clocked sequential cell  
The clock pin u_data_memory/mem_reg[1022][0]/C is not reached by a timing clock
Related violations: <none>

TIMING-17#202 Critical Warning
Non-clocked sequential cell  
The clock pin u_data_memory/mem_reg[1022][1]/C is not reached by a timing clock
Related violations: <none>

TIMING-17#203 Critical Warning
Non-clocked sequential cell  
The clock pin u_data_memory/mem_reg[1022][2]/C is not reached by a timing clock
Related violations: <none>

TIMING-17#204 Critical Warning
Non-clocked sequential cell  
The clock pin u_data_memory/mem_reg[1022][3]/C is not reached by a timing clock
Related violations: <none>

TIMING-17#205 Critical Warning
Non-clocked sequential cell  
The clock pin u_data_memory/mem_reg[1022][4]/C is not reached by a timing clock
Related violations: <none>

TIMING-17#206 Critical Warning
Non-clocked sequential cell  
The clock pin u_data_memory/mem_reg[1022][5]/C is not reached by a timing clock
Related violations: <none>

TIMING-17#207 Critical Warning
Non-clocked sequential cell  
The clock pin u_data_memory/mem_reg[1022][6]/C is not reached by a timing clock
Related violations: <none>

TIMING-17#208 Critical Warning
Non-clocked sequential cell  
The clock pin u_data_memory/mem_reg[1022][7]/C is not reached by a timing clock
Related violations: <none>

TIMING-17#209 Critical Warning
Non-clocked sequential cell  
The clock pin u_data_memory/mem_reg[1023][0]/C is not reached by a timing clock
Related violations: <none>

TIMING-17#210 Critical Warning
Non-clocked sequential cell  
The clock pin u_data_memory/mem_reg[1023][1]/C is not reached by a timing clock
Related violations: <none>

TIMING-17#211 Critical Warning
Non-clocked sequential cell  
The clock pin u_data_memory/mem_reg[1023][2]/C is not reached by a timing clock
Related violations: <none>

TIMING-17#212 Critical Warning
Non-clocked sequential cell  
The clock pin u_data_memory/mem_reg[1023][3]/C is not reached by a timing clock
Related violations: <none>

TIMING-17#213 Critical Warning
Non-clocked sequential cell  
The clock pin u_data_memory/mem_reg[1023][4]/C is not reached by a timing clock
Related violations: <none>

TIMING-17#214 Critical Warning
Non-clocked sequential cell  
The clock pin u_data_memory/mem_reg[1023][5]/C is not reached by a timing clock
Related violations: <none>

TIMING-17#215 Critical Warning
Non-clocked sequential cell  
The clock pin u_data_memory/mem_reg[1023][6]/C is not reached by a timing clock
Related violations: <none>

TIMING-17#216 Critical Warning
Non-clocked sequential cell  
The clock pin u_data_memory/mem_reg[1023][7]/C is not reached by a timing clock
Related violations: <none>

TIMING-17#217 Critical Warning
Non-clocked sequential cell  
The clock pin u_data_memory/mem_reg[1024][0]/C is not reached by a timing clock
Related violations: <none>

TIMING-17#218 Critical Warning
Non-clocked sequential cell  
The clock pin u_data_memory/mem_reg[1024][1]/C is not reached by a timing clock
Related violations: <none>

TIMING-17#219 Critical Warning
Non-clocked sequential cell  
The clock pin u_data_memory/mem_reg[1024][2]/C is not reached by a timing clock
Related violations: <none>

TIMING-17#220 Critical Warning
Non-clocked sequential cell  
The clock pin u_data_memory/mem_reg[1024][3]/C is not reached by a timing clock
Related violations: <none>

TIMING-17#221 Critical Warning
Non-clocked sequential cell  
The clock pin u_data_memory/mem_reg[1024][4]/C is not reached by a timing clock
Related violations: <none>

TIMING-17#222 Critical Warning
Non-clocked sequential cell  
The clock pin u_data_memory/mem_reg[1024][5]/C is not reached by a timing clock
Related violations: <none>

TIMING-17#223 Critical Warning
Non-clocked sequential cell  
The clock pin u_data_memory/mem_reg[1024][6]/C is not reached by a timing clock
Related violations: <none>

TIMING-17#224 Critical Warning
Non-clocked sequential cell  
The clock pin u_data_memory/mem_reg[1024][7]/C is not reached by a timing clock
Related violations: <none>

TIMING-17#225 Critical Warning
Non-clocked sequential cell  
The clock pin u_data_memory/mem_reg[1025][0]/C is not reached by a timing clock
Related violations: <none>

TIMING-17#226 Critical Warning
Non-clocked sequential cell  
The clock pin u_data_memory/mem_reg[1025][1]/C is not reached by a timing clock
Related violations: <none>

TIMING-17#227 Critical Warning
Non-clocked sequential cell  
The clock pin u_data_memory/mem_reg[1025][2]/C is not reached by a timing clock
Related violations: <none>

TIMING-17#228 Critical Warning
Non-clocked sequential cell  
The clock pin u_data_memory/mem_reg[1025][3]/C is not reached by a timing clock
Related violations: <none>

TIMING-17#229 Critical Warning
Non-clocked sequential cell  
The clock pin u_data_memory/mem_reg[1025][4]/C is not reached by a timing clock
Related violations: <none>

TIMING-17#230 Critical Warning
Non-clocked sequential cell  
The clock pin u_data_memory/mem_reg[1025][5]/C is not reached by a timing clock
Related violations: <none>

TIMING-17#231 Critical Warning
Non-clocked sequential cell  
The clock pin u_data_memory/mem_reg[1025][6]/C is not reached by a timing clock
Related violations: <none>

TIMING-17#232 Critical Warning
Non-clocked sequential cell  
The clock pin u_data_memory/mem_reg[1025][7]/C is not reached by a timing clock
Related violations: <none>

TIMING-17#233 Critical Warning
Non-clocked sequential cell  
The clock pin u_data_memory/mem_reg[1026][0]/C is not reached by a timing clock
Related violations: <none>

TIMING-17#234 Critical Warning
Non-clocked sequential cell  
The clock pin u_data_memory/mem_reg[1026][1]/C is not reached by a timing clock
Related violations: <none>

TIMING-17#235 Critical Warning
Non-clocked sequential cell  
The clock pin u_data_memory/mem_reg[1026][2]/C is not reached by a timing clock
Related violations: <none>

TIMING-17#236 Critical Warning
Non-clocked sequential cell  
The clock pin u_data_memory/mem_reg[1026][3]/C is not reached by a timing clock
Related violations: <none>

TIMING-17#237 Critical Warning
Non-clocked sequential cell  
The clock pin u_data_memory/mem_reg[1026][4]/C is not reached by a timing clock
Related violations: <none>

TIMING-17#238 Critical Warning
Non-clocked sequential cell  
The clock pin u_data_memory/mem_reg[1026][5]/C is not reached by a timing clock
Related violations: <none>

TIMING-17#239 Critical Warning
Non-clocked sequential cell  
The clock pin u_data_memory/mem_reg[1026][6]/C is not reached by a timing clock
Related violations: <none>

TIMING-17#240 Critical Warning
Non-clocked sequential cell  
The clock pin u_data_memory/mem_reg[1026][7]/C is not reached by a timing clock
Related violations: <none>

TIMING-17#241 Critical Warning
Non-clocked sequential cell  
The clock pin u_data_memory/mem_reg[1027][0]/C is not reached by a timing clock
Related violations: <none>

TIMING-17#242 Critical Warning
Non-clocked sequential cell  
The clock pin u_data_memory/mem_reg[1027][1]/C is not reached by a timing clock
Related violations: <none>

TIMING-17#243 Critical Warning
Non-clocked sequential cell  
The clock pin u_data_memory/mem_reg[1027][2]/C is not reached by a timing clock
Related violations: <none>

TIMING-17#244 Critical Warning
Non-clocked sequential cell  
The clock pin u_data_memory/mem_reg[1027][3]/C is not reached by a timing clock
Related violations: <none>

TIMING-17#245 Critical Warning
Non-clocked sequential cell  
The clock pin u_data_memory/mem_reg[1027][4]/C is not reached by a timing clock
Related violations: <none>

TIMING-17#246 Critical Warning
Non-clocked sequential cell  
The clock pin u_data_memory/mem_reg[1027][5]/C is not reached by a timing clock
Related violations: <none>

TIMING-17#247 Critical Warning
Non-clocked sequential cell  
The clock pin u_data_memory/mem_reg[1027][6]/C is not reached by a timing clock
Related violations: <none>

TIMING-17#248 Critical Warning
Non-clocked sequential cell  
The clock pin u_data_memory/mem_reg[1027][7]/C is not reached by a timing clock
Related violations: <none>

TIMING-17#249 Critical Warning
Non-clocked sequential cell  
The clock pin u_data_memory/mem_reg[1028][0]/C is not reached by a timing clock
Related violations: <none>

TIMING-17#250 Critical Warning
Non-clocked sequential cell  
The clock pin u_data_memory/mem_reg[1028][1]/C is not reached by a timing clock
Related violations: <none>

TIMING-17#251 Critical Warning
Non-clocked sequential cell  
The clock pin u_data_memory/mem_reg[1028][2]/C is not reached by a timing clock
Related violations: <none>

TIMING-17#252 Critical Warning
Non-clocked sequential cell  
The clock pin u_data_memory/mem_reg[1028][3]/C is not reached by a timing clock
Related violations: <none>

TIMING-17#253 Critical Warning
Non-clocked sequential cell  
The clock pin u_data_memory/mem_reg[1028][4]/C is not reached by a timing clock
Related violations: <none>

TIMING-17#254 Critical Warning
Non-clocked sequential cell  
The clock pin u_data_memory/mem_reg[1028][5]/C is not reached by a timing clock
Related violations: <none>

TIMING-17#255 Critical Warning
Non-clocked sequential cell  
The clock pin u_data_memory/mem_reg[1028][6]/C is not reached by a timing clock
Related violations: <none>

TIMING-17#256 Critical Warning
Non-clocked sequential cell  
The clock pin u_data_memory/mem_reg[1028][7]/C is not reached by a timing clock
Related violations: <none>

TIMING-17#257 Critical Warning
Non-clocked sequential cell  
The clock pin u_data_memory/mem_reg[1029][0]/C is not reached by a timing clock
Related violations: <none>

TIMING-17#258 Critical Warning
Non-clocked sequential cell  
The clock pin u_data_memory/mem_reg[1029][1]/C is not reached by a timing clock
Related violations: <none>

TIMING-17#259 Critical Warning
Non-clocked sequential cell  
The clock pin u_data_memory/mem_reg[1029][2]/C is not reached by a timing clock
Related violations: <none>

TIMING-17#260 Critical Warning
Non-clocked sequential cell  
The clock pin u_data_memory/mem_reg[1029][3]/C is not reached by a timing clock
Related violations: <none>

TIMING-17#261 Critical Warning
Non-clocked sequential cell  
The clock pin u_data_memory/mem_reg[1029][4]/C is not reached by a timing clock
Related violations: <none>

TIMING-17#262 Critical Warning
Non-clocked sequential cell  
The clock pin u_data_memory/mem_reg[1029][5]/C is not reached by a timing clock
Related violations: <none>

TIMING-17#263 Critical Warning
Non-clocked sequential cell  
The clock pin u_data_memory/mem_reg[1029][6]/C is not reached by a timing clock
Related violations: <none>

TIMING-17#264 Critical Warning
Non-clocked sequential cell  
The clock pin u_data_memory/mem_reg[1029][7]/C is not reached by a timing clock
Related violations: <none>

TIMING-17#265 Critical Warning
Non-clocked sequential cell  
The clock pin u_data_memory/mem_reg[102][0]/C is not reached by a timing clock
Related violations: <none>

TIMING-17#266 Critical Warning
Non-clocked sequential cell  
The clock pin u_data_memory/mem_reg[102][1]/C is not reached by a timing clock
Related violations: <none>

TIMING-17#267 Critical Warning
Non-clocked sequential cell  
The clock pin u_data_memory/mem_reg[102][2]/C is not reached by a timing clock
Related violations: <none>

TIMING-17#268 Critical Warning
Non-clocked sequential cell  
The clock pin u_data_memory/mem_reg[102][3]/C is not reached by a timing clock
Related violations: <none>

TIMING-17#269 Critical Warning
Non-clocked sequential cell  
The clock pin u_data_memory/mem_reg[102][4]/C is not reached by a timing clock
Related violations: <none>

TIMING-17#270 Critical Warning
Non-clocked sequential cell  
The clock pin u_data_memory/mem_reg[102][5]/C is not reached by a timing clock
Related violations: <none>

TIMING-17#271 Critical Warning
Non-clocked sequential cell  
The clock pin u_data_memory/mem_reg[102][6]/C is not reached by a timing clock
Related violations: <none>

TIMING-17#272 Critical Warning
Non-clocked sequential cell  
The clock pin u_data_memory/mem_reg[102][7]/C is not reached by a timing clock
Related violations: <none>

TIMING-17#273 Critical Warning
Non-clocked sequential cell  
The clock pin u_data_memory/mem_reg[1030][0]/C is not reached by a timing clock
Related violations: <none>

TIMING-17#274 Critical Warning
Non-clocked sequential cell  
The clock pin u_data_memory/mem_reg[1030][1]/C is not reached by a timing clock
Related violations: <none>

TIMING-17#275 Critical Warning
Non-clocked sequential cell  
The clock pin u_data_memory/mem_reg[1030][2]/C is not reached by a timing clock
Related violations: <none>

TIMING-17#276 Critical Warning
Non-clocked sequential cell  
The clock pin u_data_memory/mem_reg[1030][3]/C is not reached by a timing clock
Related violations: <none>

TIMING-17#277 Critical Warning
Non-clocked sequential cell  
The clock pin u_data_memory/mem_reg[1030][4]/C is not reached by a timing clock
Related violations: <none>

TIMING-17#278 Critical Warning
Non-clocked sequential cell  
The clock pin u_data_memory/mem_reg[1030][5]/C is not reached by a timing clock
Related violations: <none>

TIMING-17#279 Critical Warning
Non-clocked sequential cell  
The clock pin u_data_memory/mem_reg[1030][6]/C is not reached by a timing clock
Related violations: <none>

TIMING-17#280 Critical Warning
Non-clocked sequential cell  
The clock pin u_data_memory/mem_reg[1030][7]/C is not reached by a timing clock
Related violations: <none>

TIMING-17#281 Critical Warning
Non-clocked sequential cell  
The clock pin u_data_memory/mem_reg[1031][0]/C is not reached by a timing clock
Related violations: <none>

TIMING-17#282 Critical Warning
Non-clocked sequential cell  
The clock pin u_data_memory/mem_reg[1031][1]/C is not reached by a timing clock
Related violations: <none>

TIMING-17#283 Critical Warning
Non-clocked sequential cell  
The clock pin u_data_memory/mem_reg[1031][2]/C is not reached by a timing clock
Related violations: <none>

TIMING-17#284 Critical Warning
Non-clocked sequential cell  
The clock pin u_data_memory/mem_reg[1031][3]/C is not reached by a timing clock
Related violations: <none>

TIMING-17#285 Critical Warning
Non-clocked sequential cell  
The clock pin u_data_memory/mem_reg[1031][4]/C is not reached by a timing clock
Related violations: <none>

TIMING-17#286 Critical Warning
Non-clocked sequential cell  
The clock pin u_data_memory/mem_reg[1031][5]/C is not reached by a timing clock
Related violations: <none>

TIMING-17#287 Critical Warning
Non-clocked sequential cell  
The clock pin u_data_memory/mem_reg[1031][6]/C is not reached by a timing clock
Related violations: <none>

TIMING-17#288 Critical Warning
Non-clocked sequential cell  
The clock pin u_data_memory/mem_reg[1031][7]/C is not reached by a timing clock
Related violations: <none>

TIMING-17#289 Critical Warning
Non-clocked sequential cell  
The clock pin u_data_memory/mem_reg[1032][0]/C is not reached by a timing clock
Related violations: <none>

TIMING-17#290 Critical Warning
Non-clocked sequential cell  
The clock pin u_data_memory/mem_reg[1032][1]/C is not reached by a timing clock
Related violations: <none>

TIMING-17#291 Critical Warning
Non-clocked sequential cell  
The clock pin u_data_memory/mem_reg[1032][2]/C is not reached by a timing clock
Related violations: <none>

TIMING-17#292 Critical Warning
Non-clocked sequential cell  
The clock pin u_data_memory/mem_reg[1032][3]/C is not reached by a timing clock
Related violations: <none>

TIMING-17#293 Critical Warning
Non-clocked sequential cell  
The clock pin u_data_memory/mem_reg[1032][4]/C is not reached by a timing clock
Related violations: <none>

TIMING-17#294 Critical Warning
Non-clocked sequential cell  
The clock pin u_data_memory/mem_reg[1032][5]/C is not reached by a timing clock
Related violations: <none>

TIMING-17#295 Critical Warning
Non-clocked sequential cell  
The clock pin u_data_memory/mem_reg[1032][6]/C is not reached by a timing clock
Related violations: <none>

TIMING-17#296 Critical Warning
Non-clocked sequential cell  
The clock pin u_data_memory/mem_reg[1032][7]/C is not reached by a timing clock
Related violations: <none>

TIMING-17#297 Critical Warning
Non-clocked sequential cell  
The clock pin u_data_memory/mem_reg[1033][0]/C is not reached by a timing clock
Related violations: <none>

TIMING-17#298 Critical Warning
Non-clocked sequential cell  
The clock pin u_data_memory/mem_reg[1033][1]/C is not reached by a timing clock
Related violations: <none>

TIMING-17#299 Critical Warning
Non-clocked sequential cell  
The clock pin u_data_memory/mem_reg[1033][2]/C is not reached by a timing clock
Related violations: <none>

TIMING-17#300 Critical Warning
Non-clocked sequential cell  
The clock pin u_data_memory/mem_reg[1033][3]/C is not reached by a timing clock
Related violations: <none>

TIMING-17#301 Critical Warning
Non-clocked sequential cell  
The clock pin u_data_memory/mem_reg[1033][4]/C is not reached by a timing clock
Related violations: <none>

TIMING-17#302 Critical Warning
Non-clocked sequential cell  
The clock pin u_data_memory/mem_reg[1033][5]/C is not reached by a timing clock
Related violations: <none>

TIMING-17#303 Critical Warning
Non-clocked sequential cell  
The clock pin u_data_memory/mem_reg[1033][6]/C is not reached by a timing clock
Related violations: <none>

TIMING-17#304 Critical Warning
Non-clocked sequential cell  
The clock pin u_data_memory/mem_reg[1033][7]/C is not reached by a timing clock
Related violations: <none>

TIMING-17#305 Critical Warning
Non-clocked sequential cell  
The clock pin u_data_memory/mem_reg[1034][0]/C is not reached by a timing clock
Related violations: <none>

TIMING-17#306 Critical Warning
Non-clocked sequential cell  
The clock pin u_data_memory/mem_reg[1034][1]/C is not reached by a timing clock
Related violations: <none>

TIMING-17#307 Critical Warning
Non-clocked sequential cell  
The clock pin u_data_memory/mem_reg[1034][2]/C is not reached by a timing clock
Related violations: <none>

TIMING-17#308 Critical Warning
Non-clocked sequential cell  
The clock pin u_data_memory/mem_reg[1034][3]/C is not reached by a timing clock
Related violations: <none>

TIMING-17#309 Critical Warning
Non-clocked sequential cell  
The clock pin u_data_memory/mem_reg[1034][4]/C is not reached by a timing clock
Related violations: <none>

TIMING-17#310 Critical Warning
Non-clocked sequential cell  
The clock pin u_data_memory/mem_reg[1034][5]/C is not reached by a timing clock
Related violations: <none>

TIMING-17#311 Critical Warning
Non-clocked sequential cell  
The clock pin u_data_memory/mem_reg[1034][6]/C is not reached by a timing clock
Related violations: <none>

TIMING-17#312 Critical Warning
Non-clocked sequential cell  
The clock pin u_data_memory/mem_reg[1034][7]/C is not reached by a timing clock
Related violations: <none>

TIMING-17#313 Critical Warning
Non-clocked sequential cell  
The clock pin u_data_memory/mem_reg[1035][0]/C is not reached by a timing clock
Related violations: <none>

TIMING-17#314 Critical Warning
Non-clocked sequential cell  
The clock pin u_data_memory/mem_reg[1035][1]/C is not reached by a timing clock
Related violations: <none>

TIMING-17#315 Critical Warning
Non-clocked sequential cell  
The clock pin u_data_memory/mem_reg[1035][2]/C is not reached by a timing clock
Related violations: <none>

TIMING-17#316 Critical Warning
Non-clocked sequential cell  
The clock pin u_data_memory/mem_reg[1035][3]/C is not reached by a timing clock
Related violations: <none>

TIMING-17#317 Critical Warning
Non-clocked sequential cell  
The clock pin u_data_memory/mem_reg[1035][4]/C is not reached by a timing clock
Related violations: <none>

TIMING-17#318 Critical Warning
Non-clocked sequential cell  
The clock pin u_data_memory/mem_reg[1035][5]/C is not reached by a timing clock
Related violations: <none>

TIMING-17#319 Critical Warning
Non-clocked sequential cell  
The clock pin u_data_memory/mem_reg[1035][6]/C is not reached by a timing clock
Related violations: <none>

TIMING-17#320 Critical Warning
Non-clocked sequential cell  
The clock pin u_data_memory/mem_reg[1035][7]/C is not reached by a timing clock
Related violations: <none>

TIMING-17#321 Critical Warning
Non-clocked sequential cell  
The clock pin u_data_memory/mem_reg[1036][0]/C is not reached by a timing clock
Related violations: <none>

TIMING-17#322 Critical Warning
Non-clocked sequential cell  
The clock pin u_data_memory/mem_reg[1036][1]/C is not reached by a timing clock
Related violations: <none>

TIMING-17#323 Critical Warning
Non-clocked sequential cell  
The clock pin u_data_memory/mem_reg[1036][2]/C is not reached by a timing clock
Related violations: <none>

TIMING-17#324 Critical Warning
Non-clocked sequential cell  
The clock pin u_data_memory/mem_reg[1036][3]/C is not reached by a timing clock
Related violations: <none>

TIMING-17#325 Critical Warning
Non-clocked sequential cell  
The clock pin u_data_memory/mem_reg[1036][4]/C is not reached by a timing clock
Related violations: <none>

TIMING-17#326 Critical Warning
Non-clocked sequential cell  
The clock pin u_data_memory/mem_reg[1036][5]/C is not reached by a timing clock
Related violations: <none>

TIMING-17#327 Critical Warning
Non-clocked sequential cell  
The clock pin u_data_memory/mem_reg[1036][6]/C is not reached by a timing clock
Related violations: <none>

TIMING-17#328 Critical Warning
Non-clocked sequential cell  
The clock pin u_data_memory/mem_reg[1036][7]/C is not reached by a timing clock
Related violations: <none>

TIMING-17#329 Critical Warning
Non-clocked sequential cell  
The clock pin u_data_memory/mem_reg[1037][0]/C is not reached by a timing clock
Related violations: <none>

TIMING-17#330 Critical Warning
Non-clocked sequential cell  
The clock pin u_data_memory/mem_reg[1037][1]/C is not reached by a timing clock
Related violations: <none>

TIMING-17#331 Critical Warning
Non-clocked sequential cell  
The clock pin u_data_memory/mem_reg[1037][2]/C is not reached by a timing clock
Related violations: <none>

TIMING-17#332 Critical Warning
Non-clocked sequential cell  
The clock pin u_data_memory/mem_reg[1037][3]/C is not reached by a timing clock
Related violations: <none>

TIMING-17#333 Critical Warning
Non-clocked sequential cell  
The clock pin u_data_memory/mem_reg[1037][4]/C is not reached by a timing clock
Related violations: <none>

TIMING-17#334 Critical Warning
Non-clocked sequential cell  
The clock pin u_data_memory/mem_reg[1037][5]/C is not reached by a timing clock
Related violations: <none>

TIMING-17#335 Critical Warning
Non-clocked sequential cell  
The clock pin u_data_memory/mem_reg[1037][6]/C is not reached by a timing clock
Related violations: <none>

TIMING-17#336 Critical Warning
Non-clocked sequential cell  
The clock pin u_data_memory/mem_reg[1037][7]/C is not reached by a timing clock
Related violations: <none>

TIMING-17#337 Critical Warning
Non-clocked sequential cell  
The clock pin u_data_memory/mem_reg[1038][0]/C is not reached by a timing clock
Related violations: <none>

TIMING-17#338 Critical Warning
Non-clocked sequential cell  
The clock pin u_data_memory/mem_reg[1038][1]/C is not reached by a timing clock
Related violations: <none>

TIMING-17#339 Critical Warning
Non-clocked sequential cell  
The clock pin u_data_memory/mem_reg[1038][2]/C is not reached by a timing clock
Related violations: <none>

TIMING-17#340 Critical Warning
Non-clocked sequential cell  
The clock pin u_data_memory/mem_reg[1038][3]/C is not reached by a timing clock
Related violations: <none>

TIMING-17#341 Critical Warning
Non-clocked sequential cell  
The clock pin u_data_memory/mem_reg[1038][4]/C is not reached by a timing clock
Related violations: <none>

TIMING-17#342 Critical Warning
Non-clocked sequential cell  
The clock pin u_data_memory/mem_reg[1038][5]/C is not reached by a timing clock
Related violations: <none>

TIMING-17#343 Critical Warning
Non-clocked sequential cell  
The clock pin u_data_memory/mem_reg[1038][6]/C is not reached by a timing clock
Related violations: <none>

TIMING-17#344 Critical Warning
Non-clocked sequential cell  
The clock pin u_data_memory/mem_reg[1038][7]/C is not reached by a timing clock
Related violations: <none>

TIMING-17#345 Critical Warning
Non-clocked sequential cell  
The clock pin u_data_memory/mem_reg[1039][0]/C is not reached by a timing clock
Related violations: <none>

TIMING-17#346 Critical Warning
Non-clocked sequential cell  
The clock pin u_data_memory/mem_reg[1039][1]/C is not reached by a timing clock
Related violations: <none>

TIMING-17#347 Critical Warning
Non-clocked sequential cell  
The clock pin u_data_memory/mem_reg[1039][2]/C is not reached by a timing clock
Related violations: <none>

TIMING-17#348 Critical Warning
Non-clocked sequential cell  
The clock pin u_data_memory/mem_reg[1039][3]/C is not reached by a timing clock
Related violations: <none>

TIMING-17#349 Critical Warning
Non-clocked sequential cell  
The clock pin u_data_memory/mem_reg[1039][4]/C is not reached by a timing clock
Related violations: <none>

TIMING-17#350 Critical Warning
Non-clocked sequential cell  
The clock pin u_data_memory/mem_reg[1039][5]/C is not reached by a timing clock
Related violations: <none>

TIMING-17#351 Critical Warning
Non-clocked sequential cell  
The clock pin u_data_memory/mem_reg[1039][6]/C is not reached by a timing clock
Related violations: <none>

TIMING-17#352 Critical Warning
Non-clocked sequential cell  
The clock pin u_data_memory/mem_reg[1039][7]/C is not reached by a timing clock
Related violations: <none>

TIMING-17#353 Critical Warning
Non-clocked sequential cell  
The clock pin u_data_memory/mem_reg[103][0]/C is not reached by a timing clock
Related violations: <none>

TIMING-17#354 Critical Warning
Non-clocked sequential cell  
The clock pin u_data_memory/mem_reg[103][1]/C is not reached by a timing clock
Related violations: <none>

TIMING-17#355 Critical Warning
Non-clocked sequential cell  
The clock pin u_data_memory/mem_reg[103][2]/C is not reached by a timing clock
Related violations: <none>

TIMING-17#356 Critical Warning
Non-clocked sequential cell  
The clock pin u_data_memory/mem_reg[103][3]/C is not reached by a timing clock
Related violations: <none>

TIMING-17#357 Critical Warning
Non-clocked sequential cell  
The clock pin u_data_memory/mem_reg[103][4]/C is not reached by a timing clock
Related violations: <none>

TIMING-17#358 Critical Warning
Non-clocked sequential cell  
The clock pin u_data_memory/mem_reg[103][5]/C is not reached by a timing clock
Related violations: <none>

TIMING-17#359 Critical Warning
Non-clocked sequential cell  
The clock pin u_data_memory/mem_reg[103][6]/C is not reached by a timing clock
Related violations: <none>

TIMING-17#360 Critical Warning
Non-clocked sequential cell  
The clock pin u_data_memory/mem_reg[103][7]/C is not reached by a timing clock
Related violations: <none>

TIMING-17#361 Critical Warning
Non-clocked sequential cell  
The clock pin u_data_memory/mem_reg[1040][0]/C is not reached by a timing clock
Related violations: <none>

TIMING-17#362 Critical Warning
Non-clocked sequential cell  
The clock pin u_data_memory/mem_reg[1040][1]/C is not reached by a timing clock
Related violations: <none>

TIMING-17#363 Critical Warning
Non-clocked sequential cell  
The clock pin u_data_memory/mem_reg[1040][2]/C is not reached by a timing clock
Related violations: <none>

TIMING-17#364 Critical Warning
Non-clocked sequential cell  
The clock pin u_data_memory/mem_reg[1040][3]/C is not reached by a timing clock
Related violations: <none>

TIMING-17#365 Critical Warning
Non-clocked sequential cell  
The clock pin u_data_memory/mem_reg[1040][4]/C is not reached by a timing clock
Related violations: <none>

TIMING-17#366 Critical Warning
Non-clocked sequential cell  
The clock pin u_data_memory/mem_reg[1040][5]/C is not reached by a timing clock
Related violations: <none>

TIMING-17#367 Critical Warning
Non-clocked sequential cell  
The clock pin u_data_memory/mem_reg[1040][6]/C is not reached by a timing clock
Related violations: <none>

TIMING-17#368 Critical Warning
Non-clocked sequential cell  
The clock pin u_data_memory/mem_reg[1040][7]/C is not reached by a timing clock
Related violations: <none>

TIMING-17#369 Critical Warning
Non-clocked sequential cell  
The clock pin u_data_memory/mem_reg[1041][0]/C is not reached by a timing clock
Related violations: <none>

TIMING-17#370 Critical Warning
Non-clocked sequential cell  
The clock pin u_data_memory/mem_reg[1041][1]/C is not reached by a timing clock
Related violations: <none>

TIMING-17#371 Critical Warning
Non-clocked sequential cell  
The clock pin u_data_memory/mem_reg[1041][2]/C is not reached by a timing clock
Related violations: <none>

TIMING-17#372 Critical Warning
Non-clocked sequential cell  
The clock pin u_data_memory/mem_reg[1041][3]/C is not reached by a timing clock
Related violations: <none>

TIMING-17#373 Critical Warning
Non-clocked sequential cell  
The clock pin u_data_memory/mem_reg[1041][4]/C is not reached by a timing clock
Related violations: <none>

TIMING-17#374 Critical Warning
Non-clocked sequential cell  
The clock pin u_data_memory/mem_reg[1041][5]/C is not reached by a timing clock
Related violations: <none>

TIMING-17#375 Critical Warning
Non-clocked sequential cell  
The clock pin u_data_memory/mem_reg[1041][6]/C is not reached by a timing clock
Related violations: <none>

TIMING-17#376 Critical Warning
Non-clocked sequential cell  
The clock pin u_data_memory/mem_reg[1041][7]/C is not reached by a timing clock
Related violations: <none>

TIMING-17#377 Critical Warning
Non-clocked sequential cell  
The clock pin u_data_memory/mem_reg[1042][0]/C is not reached by a timing clock
Related violations: <none>

TIMING-17#378 Critical Warning
Non-clocked sequential cell  
The clock pin u_data_memory/mem_reg[1042][1]/C is not reached by a timing clock
Related violations: <none>

TIMING-17#379 Critical Warning
Non-clocked sequential cell  
The clock pin u_data_memory/mem_reg[1042][2]/C is not reached by a timing clock
Related violations: <none>

TIMING-17#380 Critical Warning
Non-clocked sequential cell  
The clock pin u_data_memory/mem_reg[1042][3]/C is not reached by a timing clock
Related violations: <none>

TIMING-17#381 Critical Warning
Non-clocked sequential cell  
The clock pin u_data_memory/mem_reg[1042][4]/C is not reached by a timing clock
Related violations: <none>

TIMING-17#382 Critical Warning
Non-clocked sequential cell  
The clock pin u_data_memory/mem_reg[1042][5]/C is not reached by a timing clock
Related violations: <none>

TIMING-17#383 Critical Warning
Non-clocked sequential cell  
The clock pin u_data_memory/mem_reg[1042][6]/C is not reached by a timing clock
Related violations: <none>

TIMING-17#384 Critical Warning
Non-clocked sequential cell  
The clock pin u_data_memory/mem_reg[1042][7]/C is not reached by a timing clock
Related violations: <none>

TIMING-17#385 Critical Warning
Non-clocked sequential cell  
The clock pin u_data_memory/mem_reg[1043][0]/C is not reached by a timing clock
Related violations: <none>

TIMING-17#386 Critical Warning
Non-clocked sequential cell  
The clock pin u_data_memory/mem_reg[1043][1]/C is not reached by a timing clock
Related violations: <none>

TIMING-17#387 Critical Warning
Non-clocked sequential cell  
The clock pin u_data_memory/mem_reg[1043][2]/C is not reached by a timing clock
Related violations: <none>

TIMING-17#388 Critical Warning
Non-clocked sequential cell  
The clock pin u_data_memory/mem_reg[1043][3]/C is not reached by a timing clock
Related violations: <none>

TIMING-17#389 Critical Warning
Non-clocked sequential cell  
The clock pin u_data_memory/mem_reg[1043][4]/C is not reached by a timing clock
Related violations: <none>

TIMING-17#390 Critical Warning
Non-clocked sequential cell  
The clock pin u_data_memory/mem_reg[1043][5]/C is not reached by a timing clock
Related violations: <none>

TIMING-17#391 Critical Warning
Non-clocked sequential cell  
The clock pin u_data_memory/mem_reg[1043][6]/C is not reached by a timing clock
Related violations: <none>

TIMING-17#392 Critical Warning
Non-clocked sequential cell  
The clock pin u_data_memory/mem_reg[1043][7]/C is not reached by a timing clock
Related violations: <none>

TIMING-17#393 Critical Warning
Non-clocked sequential cell  
The clock pin u_data_memory/mem_reg[1044][0]/C is not reached by a timing clock
Related violations: <none>

TIMING-17#394 Critical Warning
Non-clocked sequential cell  
The clock pin u_data_memory/mem_reg[1044][1]/C is not reached by a timing clock
Related violations: <none>

TIMING-17#395 Critical Warning
Non-clocked sequential cell  
The clock pin u_data_memory/mem_reg[1044][2]/C is not reached by a timing clock
Related violations: <none>

TIMING-17#396 Critical Warning
Non-clocked sequential cell  
The clock pin u_data_memory/mem_reg[1044][3]/C is not reached by a timing clock
Related violations: <none>

TIMING-17#397 Critical Warning
Non-clocked sequential cell  
The clock pin u_data_memory/mem_reg[1044][4]/C is not reached by a timing clock
Related violations: <none>

TIMING-17#398 Critical Warning
Non-clocked sequential cell  
The clock pin u_data_memory/mem_reg[1044][5]/C is not reached by a timing clock
Related violations: <none>

TIMING-17#399 Critical Warning
Non-clocked sequential cell  
The clock pin u_data_memory/mem_reg[1044][6]/C is not reached by a timing clock
Related violations: <none>

TIMING-17#400 Critical Warning
Non-clocked sequential cell  
The clock pin u_data_memory/mem_reg[1044][7]/C is not reached by a timing clock
Related violations: <none>

TIMING-17#401 Critical Warning
Non-clocked sequential cell  
The clock pin u_data_memory/mem_reg[1045][0]/C is not reached by a timing clock
Related violations: <none>

TIMING-17#402 Critical Warning
Non-clocked sequential cell  
The clock pin u_data_memory/mem_reg[1045][1]/C is not reached by a timing clock
Related violations: <none>

TIMING-17#403 Critical Warning
Non-clocked sequential cell  
The clock pin u_data_memory/mem_reg[1045][2]/C is not reached by a timing clock
Related violations: <none>

TIMING-17#404 Critical Warning
Non-clocked sequential cell  
The clock pin u_data_memory/mem_reg[1045][3]/C is not reached by a timing clock
Related violations: <none>

TIMING-17#405 Critical Warning
Non-clocked sequential cell  
The clock pin u_data_memory/mem_reg[1045][4]/C is not reached by a timing clock
Related violations: <none>

TIMING-17#406 Critical Warning
Non-clocked sequential cell  
The clock pin u_data_memory/mem_reg[1045][5]/C is not reached by a timing clock
Related violations: <none>

TIMING-17#407 Critical Warning
Non-clocked sequential cell  
The clock pin u_data_memory/mem_reg[1045][6]/C is not reached by a timing clock
Related violations: <none>

TIMING-17#408 Critical Warning
Non-clocked sequential cell  
The clock pin u_data_memory/mem_reg[1045][7]/C is not reached by a timing clock
Related violations: <none>

TIMING-17#409 Critical Warning
Non-clocked sequential cell  
The clock pin u_data_memory/mem_reg[1046][0]/C is not reached by a timing clock
Related violations: <none>

TIMING-17#410 Critical Warning
Non-clocked sequential cell  
The clock pin u_data_memory/mem_reg[1046][1]/C is not reached by a timing clock
Related violations: <none>

TIMING-17#411 Critical Warning
Non-clocked sequential cell  
The clock pin u_data_memory/mem_reg[1046][2]/C is not reached by a timing clock
Related violations: <none>

TIMING-17#412 Critical Warning
Non-clocked sequential cell  
The clock pin u_data_memory/mem_reg[1046][3]/C is not reached by a timing clock
Related violations: <none>

TIMING-17#413 Critical Warning
Non-clocked sequential cell  
The clock pin u_data_memory/mem_reg[1046][4]/C is not reached by a timing clock
Related violations: <none>

TIMING-17#414 Critical Warning
Non-clocked sequential cell  
The clock pin u_data_memory/mem_reg[1046][5]/C is not reached by a timing clock
Related violations: <none>

TIMING-17#415 Critical Warning
Non-clocked sequential cell  
The clock pin u_data_memory/mem_reg[1046][6]/C is not reached by a timing clock
Related violations: <none>

TIMING-17#416 Critical Warning
Non-clocked sequential cell  
The clock pin u_data_memory/mem_reg[1046][7]/C is not reached by a timing clock
Related violations: <none>

TIMING-17#417 Critical Warning
Non-clocked sequential cell  
The clock pin u_data_memory/mem_reg[1047][0]/C is not reached by a timing clock
Related violations: <none>

TIMING-17#418 Critical Warning
Non-clocked sequential cell  
The clock pin u_data_memory/mem_reg[1047][1]/C is not reached by a timing clock
Related violations: <none>

TIMING-17#419 Critical Warning
Non-clocked sequential cell  
The clock pin u_data_memory/mem_reg[1047][2]/C is not reached by a timing clock
Related violations: <none>

TIMING-17#420 Critical Warning
Non-clocked sequential cell  
The clock pin u_data_memory/mem_reg[1047][3]/C is not reached by a timing clock
Related violations: <none>

TIMING-17#421 Critical Warning
Non-clocked sequential cell  
The clock pin u_data_memory/mem_reg[1047][4]/C is not reached by a timing clock
Related violations: <none>

TIMING-17#422 Critical Warning
Non-clocked sequential cell  
The clock pin u_data_memory/mem_reg[1047][5]/C is not reached by a timing clock
Related violations: <none>

TIMING-17#423 Critical Warning
Non-clocked sequential cell  
The clock pin u_data_memory/mem_reg[1047][6]/C is not reached by a timing clock
Related violations: <none>

TIMING-17#424 Critical Warning
Non-clocked sequential cell  
The clock pin u_data_memory/mem_reg[1047][7]/C is not reached by a timing clock
Related violations: <none>

TIMING-17#425 Critical Warning
Non-clocked sequential cell  
The clock pin u_data_memory/mem_reg[1048][0]/C is not reached by a timing clock
Related violations: <none>

TIMING-17#426 Critical Warning
Non-clocked sequential cell  
The clock pin u_data_memory/mem_reg[1048][1]/C is not reached by a timing clock
Related violations: <none>

TIMING-17#427 Critical Warning
Non-clocked sequential cell  
The clock pin u_data_memory/mem_reg[1048][2]/C is not reached by a timing clock
Related violations: <none>

TIMING-17#428 Critical Warning
Non-clocked sequential cell  
The clock pin u_data_memory/mem_reg[1048][3]/C is not reached by a timing clock
Related violations: <none>

TIMING-17#429 Critical Warning
Non-clocked sequential cell  
The clock pin u_data_memory/mem_reg[1048][4]/C is not reached by a timing clock
Related violations: <none>

TIMING-17#430 Critical Warning
Non-clocked sequential cell  
The clock pin u_data_memory/mem_reg[1048][5]/C is not reached by a timing clock
Related violations: <none>

TIMING-17#431 Critical Warning
Non-clocked sequential cell  
The clock pin u_data_memory/mem_reg[1048][6]/C is not reached by a timing clock
Related violations: <none>

TIMING-17#432 Critical Warning
Non-clocked sequential cell  
The clock pin u_data_memory/mem_reg[1048][7]/C is not reached by a timing clock
Related violations: <none>

TIMING-17#433 Critical Warning
Non-clocked sequential cell  
The clock pin u_data_memory/mem_reg[1049][0]/C is not reached by a timing clock
Related violations: <none>

TIMING-17#434 Critical Warning
Non-clocked sequential cell  
The clock pin u_data_memory/mem_reg[1049][1]/C is not reached by a timing clock
Related violations: <none>

TIMING-17#435 Critical Warning
Non-clocked sequential cell  
The clock pin u_data_memory/mem_reg[1049][2]/C is not reached by a timing clock
Related violations: <none>

TIMING-17#436 Critical Warning
Non-clocked sequential cell  
The clock pin u_data_memory/mem_reg[1049][3]/C is not reached by a timing clock
Related violations: <none>

TIMING-17#437 Critical Warning
Non-clocked sequential cell  
The clock pin u_data_memory/mem_reg[1049][4]/C is not reached by a timing clock
Related violations: <none>

TIMING-17#438 Critical Warning
Non-clocked sequential cell  
The clock pin u_data_memory/mem_reg[1049][5]/C is not reached by a timing clock
Related violations: <none>

TIMING-17#439 Critical Warning
Non-clocked sequential cell  
The clock pin u_data_memory/mem_reg[1049][6]/C is not reached by a timing clock
Related violations: <none>

TIMING-17#440 Critical Warning
Non-clocked sequential cell  
The clock pin u_data_memory/mem_reg[1049][7]/C is not reached by a timing clock
Related violations: <none>

TIMING-17#441 Critical Warning
Non-clocked sequential cell  
The clock pin u_data_memory/mem_reg[104][0]/C is not reached by a timing clock
Related violations: <none>

TIMING-17#442 Critical Warning
Non-clocked sequential cell  
The clock pin u_data_memory/mem_reg[104][1]/C is not reached by a timing clock
Related violations: <none>

TIMING-17#443 Critical Warning
Non-clocked sequential cell  
The clock pin u_data_memory/mem_reg[104][2]/C is not reached by a timing clock
Related violations: <none>

TIMING-17#444 Critical Warning
Non-clocked sequential cell  
The clock pin u_data_memory/mem_reg[104][3]/C is not reached by a timing clock
Related violations: <none>

TIMING-17#445 Critical Warning
Non-clocked sequential cell  
The clock pin u_data_memory/mem_reg[104][4]/C is not reached by a timing clock
Related violations: <none>

TIMING-17#446 Critical Warning
Non-clocked sequential cell  
The clock pin u_data_memory/mem_reg[104][5]/C is not reached by a timing clock
Related violations: <none>

TIMING-17#447 Critical Warning
Non-clocked sequential cell  
The clock pin u_data_memory/mem_reg[104][6]/C is not reached by a timing clock
Related violations: <none>

TIMING-17#448 Critical Warning
Non-clocked sequential cell  
The clock pin u_data_memory/mem_reg[104][7]/C is not reached by a timing clock
Related violations: <none>

TIMING-17#449 Critical Warning
Non-clocked sequential cell  
The clock pin u_data_memory/mem_reg[1050][0]/C is not reached by a timing clock
Related violations: <none>

TIMING-17#450 Critical Warning
Non-clocked sequential cell  
The clock pin u_data_memory/mem_reg[1050][1]/C is not reached by a timing clock
Related violations: <none>

TIMING-17#451 Critical Warning
Non-clocked sequential cell  
The clock pin u_data_memory/mem_reg[1050][2]/C is not reached by a timing clock
Related violations: <none>

TIMING-17#452 Critical Warning
Non-clocked sequential cell  
The clock pin u_data_memory/mem_reg[1050][3]/C is not reached by a timing clock
Related violations: <none>

TIMING-17#453 Critical Warning
Non-clocked sequential cell  
The clock pin u_data_memory/mem_reg[1050][4]/C is not reached by a timing clock
Related violations: <none>

TIMING-17#454 Critical Warning
Non-clocked sequential cell  
The clock pin u_data_memory/mem_reg[1050][5]/C is not reached by a timing clock
Related violations: <none>

TIMING-17#455 Critical Warning
Non-clocked sequential cell  
The clock pin u_data_memory/mem_reg[1050][6]/C is not reached by a timing clock
Related violations: <none>

TIMING-17#456 Critical Warning
Non-clocked sequential cell  
The clock pin u_data_memory/mem_reg[1050][7]/C is not reached by a timing clock
Related violations: <none>

TIMING-17#457 Critical Warning
Non-clocked sequential cell  
The clock pin u_data_memory/mem_reg[1051][0]/C is not reached by a timing clock
Related violations: <none>

TIMING-17#458 Critical Warning
Non-clocked sequential cell  
The clock pin u_data_memory/mem_reg[1051][1]/C is not reached by a timing clock
Related violations: <none>

TIMING-17#459 Critical Warning
Non-clocked sequential cell  
The clock pin u_data_memory/mem_reg[1051][2]/C is not reached by a timing clock
Related violations: <none>

TIMING-17#460 Critical Warning
Non-clocked sequential cell  
The clock pin u_data_memory/mem_reg[1051][3]/C is not reached by a timing clock
Related violations: <none>

TIMING-17#461 Critical Warning
Non-clocked sequential cell  
The clock pin u_data_memory/mem_reg[1051][4]/C is not reached by a timing clock
Related violations: <none>

TIMING-17#462 Critical Warning
Non-clocked sequential cell  
The clock pin u_data_memory/mem_reg[1051][5]/C is not reached by a timing clock
Related violations: <none>

TIMING-17#463 Critical Warning
Non-clocked sequential cell  
The clock pin u_data_memory/mem_reg[1051][6]/C is not reached by a timing clock
Related violations: <none>

TIMING-17#464 Critical Warning
Non-clocked sequential cell  
The clock pin u_data_memory/mem_reg[1051][7]/C is not reached by a timing clock
Related violations: <none>

TIMING-17#465 Critical Warning
Non-clocked sequential cell  
The clock pin u_data_memory/mem_reg[1052][0]/C is not reached by a timing clock
Related violations: <none>

TIMING-17#466 Critical Warning
Non-clocked sequential cell  
The clock pin u_data_memory/mem_reg[1052][1]/C is not reached by a timing clock
Related violations: <none>

TIMING-17#467 Critical Warning
Non-clocked sequential cell  
The clock pin u_data_memory/mem_reg[1052][2]/C is not reached by a timing clock
Related violations: <none>

TIMING-17#468 Critical Warning
Non-clocked sequential cell  
The clock pin u_data_memory/mem_reg[1052][3]/C is not reached by a timing clock
Related violations: <none>

TIMING-17#469 Critical Warning
Non-clocked sequential cell  
The clock pin u_data_memory/mem_reg[1052][4]/C is not reached by a timing clock
Related violations: <none>

TIMING-17#470 Critical Warning
Non-clocked sequential cell  
The clock pin u_data_memory/mem_reg[1052][5]/C is not reached by a timing clock
Related violations: <none>

TIMING-17#471 Critical Warning
Non-clocked sequential cell  
The clock pin u_data_memory/mem_reg[1052][6]/C is not reached by a timing clock
Related violations: <none>

TIMING-17#472 Critical Warning
Non-clocked sequential cell  
The clock pin u_data_memory/mem_reg[1052][7]/C is not reached by a timing clock
Related violations: <none>

TIMING-17#473 Critical Warning
Non-clocked sequential cell  
The clock pin u_data_memory/mem_reg[1053][0]/C is not reached by a timing clock
Related violations: <none>

TIMING-17#474 Critical Warning
Non-clocked sequential cell  
The clock pin u_data_memory/mem_reg[1053][1]/C is not reached by a timing clock
Related violations: <none>

TIMING-17#475 Critical Warning
Non-clocked sequential cell  
The clock pin u_data_memory/mem_reg[1053][2]/C is not reached by a timing clock
Related violations: <none>

TIMING-17#476 Critical Warning
Non-clocked sequential cell  
The clock pin u_data_memory/mem_reg[1053][3]/C is not reached by a timing clock
Related violations: <none>

TIMING-17#477 Critical Warning
Non-clocked sequential cell  
The clock pin u_data_memory/mem_reg[1053][4]/C is not reached by a timing clock
Related violations: <none>

TIMING-17#478 Critical Warning
Non-clocked sequential cell  
The clock pin u_data_memory/mem_reg[1053][5]/C is not reached by a timing clock
Related violations: <none>

TIMING-17#479 Critical Warning
Non-clocked sequential cell  
The clock pin u_data_memory/mem_reg[1053][6]/C is not reached by a timing clock
Related violations: <none>

TIMING-17#480 Critical Warning
Non-clocked sequential cell  
The clock pin u_data_memory/mem_reg[1053][7]/C is not reached by a timing clock
Related violations: <none>

TIMING-17#481 Critical Warning
Non-clocked sequential cell  
The clock pin u_data_memory/mem_reg[1054][0]/C is not reached by a timing clock
Related violations: <none>

TIMING-17#482 Critical Warning
Non-clocked sequential cell  
The clock pin u_data_memory/mem_reg[1054][1]/C is not reached by a timing clock
Related violations: <none>

TIMING-17#483 Critical Warning
Non-clocked sequential cell  
The clock pin u_data_memory/mem_reg[1054][2]/C is not reached by a timing clock
Related violations: <none>

TIMING-17#484 Critical Warning
Non-clocked sequential cell  
The clock pin u_data_memory/mem_reg[1054][3]/C is not reached by a timing clock
Related violations: <none>

TIMING-17#485 Critical Warning
Non-clocked sequential cell  
The clock pin u_data_memory/mem_reg[1054][4]/C is not reached by a timing clock
Related violations: <none>

TIMING-17#486 Critical Warning
Non-clocked sequential cell  
The clock pin u_data_memory/mem_reg[1054][5]/C is not reached by a timing clock
Related violations: <none>

TIMING-17#487 Critical Warning
Non-clocked sequential cell  
The clock pin u_data_memory/mem_reg[1054][6]/C is not reached by a timing clock
Related violations: <none>

TIMING-17#488 Critical Warning
Non-clocked sequential cell  
The clock pin u_data_memory/mem_reg[1054][7]/C is not reached by a timing clock
Related violations: <none>

TIMING-17#489 Critical Warning
Non-clocked sequential cell  
The clock pin u_data_memory/mem_reg[1055][0]/C is not reached by a timing clock
Related violations: <none>

TIMING-17#490 Critical Warning
Non-clocked sequential cell  
The clock pin u_data_memory/mem_reg[1055][1]/C is not reached by a timing clock
Related violations: <none>

TIMING-17#491 Critical Warning
Non-clocked sequential cell  
The clock pin u_data_memory/mem_reg[1055][2]/C is not reached by a timing clock
Related violations: <none>

TIMING-17#492 Critical Warning
Non-clocked sequential cell  
The clock pin u_data_memory/mem_reg[1055][3]/C is not reached by a timing clock
Related violations: <none>

TIMING-17#493 Critical Warning
Non-clocked sequential cell  
The clock pin u_data_memory/mem_reg[1055][4]/C is not reached by a timing clock
Related violations: <none>

TIMING-17#494 Critical Warning
Non-clocked sequential cell  
The clock pin u_data_memory/mem_reg[1055][5]/C is not reached by a timing clock
Related violations: <none>

TIMING-17#495 Critical Warning
Non-clocked sequential cell  
The clock pin u_data_memory/mem_reg[1055][6]/C is not reached by a timing clock
Related violations: <none>

TIMING-17#496 Critical Warning
Non-clocked sequential cell  
The clock pin u_data_memory/mem_reg[1055][7]/C is not reached by a timing clock
Related violations: <none>

TIMING-17#497 Critical Warning
Non-clocked sequential cell  
The clock pin u_data_memory/mem_reg[1056][0]/C is not reached by a timing clock
Related violations: <none>

TIMING-17#498 Critical Warning
Non-clocked sequential cell  
The clock pin u_data_memory/mem_reg[1056][1]/C is not reached by a timing clock
Related violations: <none>

TIMING-17#499 Critical Warning
Non-clocked sequential cell  
The clock pin u_data_memory/mem_reg[1056][2]/C is not reached by a timing clock
Related violations: <none>

TIMING-17#500 Critical Warning
Non-clocked sequential cell  
The clock pin u_data_memory/mem_reg[1056][3]/C is not reached by a timing clock
Related violations: <none>

TIMING-17#501 Critical Warning
Non-clocked sequential cell  
The clock pin u_data_memory/mem_reg[1056][4]/C is not reached by a timing clock
Related violations: <none>

TIMING-17#502 Critical Warning
Non-clocked sequential cell  
The clock pin u_data_memory/mem_reg[1056][5]/C is not reached by a timing clock
Related violations: <none>

TIMING-17#503 Critical Warning
Non-clocked sequential cell  
The clock pin u_data_memory/mem_reg[1056][6]/C is not reached by a timing clock
Related violations: <none>

TIMING-17#504 Critical Warning
Non-clocked sequential cell  
The clock pin u_data_memory/mem_reg[1056][7]/C is not reached by a timing clock
Related violations: <none>

TIMING-17#505 Critical Warning
Non-clocked sequential cell  
The clock pin u_data_memory/mem_reg[1057][0]/C is not reached by a timing clock
Related violations: <none>

TIMING-17#506 Critical Warning
Non-clocked sequential cell  
The clock pin u_data_memory/mem_reg[1057][1]/C is not reached by a timing clock
Related violations: <none>

TIMING-17#507 Critical Warning
Non-clocked sequential cell  
The clock pin u_data_memory/mem_reg[1057][2]/C is not reached by a timing clock
Related violations: <none>

TIMING-17#508 Critical Warning
Non-clocked sequential cell  
The clock pin u_data_memory/mem_reg[1057][3]/C is not reached by a timing clock
Related violations: <none>

TIMING-17#509 Critical Warning
Non-clocked sequential cell  
The clock pin u_data_memory/mem_reg[1057][4]/C is not reached by a timing clock
Related violations: <none>

TIMING-17#510 Critical Warning
Non-clocked sequential cell  
The clock pin u_data_memory/mem_reg[1057][5]/C is not reached by a timing clock
Related violations: <none>

TIMING-17#511 Critical Warning
Non-clocked sequential cell  
The clock pin u_data_memory/mem_reg[1057][6]/C is not reached by a timing clock
Related violations: <none>

TIMING-17#512 Critical Warning
Non-clocked sequential cell  
The clock pin u_data_memory/mem_reg[1057][7]/C is not reached by a timing clock
Related violations: <none>

TIMING-17#513 Critical Warning
Non-clocked sequential cell  
The clock pin u_data_memory/mem_reg[1058][0]/C is not reached by a timing clock
Related violations: <none>

TIMING-17#514 Critical Warning
Non-clocked sequential cell  
The clock pin u_data_memory/mem_reg[1058][1]/C is not reached by a timing clock
Related violations: <none>

TIMING-17#515 Critical Warning
Non-clocked sequential cell  
The clock pin u_data_memory/mem_reg[1058][2]/C is not reached by a timing clock
Related violations: <none>

TIMING-17#516 Critical Warning
Non-clocked sequential cell  
The clock pin u_data_memory/mem_reg[1058][3]/C is not reached by a timing clock
Related violations: <none>

TIMING-17#517 Critical Warning
Non-clocked sequential cell  
The clock pin u_data_memory/mem_reg[1058][4]/C is not reached by a timing clock
Related violations: <none>

TIMING-17#518 Critical Warning
Non-clocked sequential cell  
The clock pin u_data_memory/mem_reg[1058][5]/C is not reached by a timing clock
Related violations: <none>

TIMING-17#519 Critical Warning
Non-clocked sequential cell  
The clock pin u_data_memory/mem_reg[1058][6]/C is not reached by a timing clock
Related violations: <none>

TIMING-17#520 Critical Warning
Non-clocked sequential cell  
The clock pin u_data_memory/mem_reg[1058][7]/C is not reached by a timing clock
Related violations: <none>

TIMING-17#521 Critical Warning
Non-clocked sequential cell  
The clock pin u_data_memory/mem_reg[1059][0]/C is not reached by a timing clock
Related violations: <none>

TIMING-17#522 Critical Warning
Non-clocked sequential cell  
The clock pin u_data_memory/mem_reg[1059][1]/C is not reached by a timing clock
Related violations: <none>

TIMING-17#523 Critical Warning
Non-clocked sequential cell  
The clock pin u_data_memory/mem_reg[1059][2]/C is not reached by a timing clock
Related violations: <none>

TIMING-17#524 Critical Warning
Non-clocked sequential cell  
The clock pin u_data_memory/mem_reg[1059][3]/C is not reached by a timing clock
Related violations: <none>

TIMING-17#525 Critical Warning
Non-clocked sequential cell  
The clock pin u_data_memory/mem_reg[1059][4]/C is not reached by a timing clock
Related violations: <none>

TIMING-17#526 Critical Warning
Non-clocked sequential cell  
The clock pin u_data_memory/mem_reg[1059][5]/C is not reached by a timing clock
Related violations: <none>

TIMING-17#527 Critical Warning
Non-clocked sequential cell  
The clock pin u_data_memory/mem_reg[1059][6]/C is not reached by a timing clock
Related violations: <none>

TIMING-17#528 Critical Warning
Non-clocked sequential cell  
The clock pin u_data_memory/mem_reg[1059][7]/C is not reached by a timing clock
Related violations: <none>

TIMING-17#529 Critical Warning
Non-clocked sequential cell  
The clock pin u_data_memory/mem_reg[105][0]/C is not reached by a timing clock
Related violations: <none>

TIMING-17#530 Critical Warning
Non-clocked sequential cell  
The clock pin u_data_memory/mem_reg[105][1]/C is not reached by a timing clock
Related violations: <none>

TIMING-17#531 Critical Warning
Non-clocked sequential cell  
The clock pin u_data_memory/mem_reg[105][2]/C is not reached by a timing clock
Related violations: <none>

TIMING-17#532 Critical Warning
Non-clocked sequential cell  
The clock pin u_data_memory/mem_reg[105][3]/C is not reached by a timing clock
Related violations: <none>

TIMING-17#533 Critical Warning
Non-clocked sequential cell  
The clock pin u_data_memory/mem_reg[105][4]/C is not reached by a timing clock
Related violations: <none>

TIMING-17#534 Critical Warning
Non-clocked sequential cell  
The clock pin u_data_memory/mem_reg[105][5]/C is not reached by a timing clock
Related violations: <none>

TIMING-17#535 Critical Warning
Non-clocked sequential cell  
The clock pin u_data_memory/mem_reg[105][6]/C is not reached by a timing clock
Related violations: <none>

TIMING-17#536 Critical Warning
Non-clocked sequential cell  
The clock pin u_data_memory/mem_reg[105][7]/C is not reached by a timing clock
Related violations: <none>

TIMING-17#537 Critical Warning
Non-clocked sequential cell  
The clock pin u_data_memory/mem_reg[1060][0]/C is not reached by a timing clock
Related violations: <none>

TIMING-17#538 Critical Warning
Non-clocked sequential cell  
The clock pin u_data_memory/mem_reg[1060][1]/C is not reached by a timing clock
Related violations: <none>

TIMING-17#539 Critical Warning
Non-clocked sequential cell  
The clock pin u_data_memory/mem_reg[1060][2]/C is not reached by a timing clock
Related violations: <none>

TIMING-17#540 Critical Warning
Non-clocked sequential cell  
The clock pin u_data_memory/mem_reg[1060][3]/C is not reached by a timing clock
Related violations: <none>

TIMING-17#541 Critical Warning
Non-clocked sequential cell  
The clock pin u_data_memory/mem_reg[1060][4]/C is not reached by a timing clock
Related violations: <none>

TIMING-17#542 Critical Warning
Non-clocked sequential cell  
The clock pin u_data_memory/mem_reg[1060][5]/C is not reached by a timing clock
Related violations: <none>

TIMING-17#543 Critical Warning
Non-clocked sequential cell  
The clock pin u_data_memory/mem_reg[1060][6]/C is not reached by a timing clock
Related violations: <none>

TIMING-17#544 Critical Warning
Non-clocked sequential cell  
The clock pin u_data_memory/mem_reg[1060][7]/C is not reached by a timing clock
Related violations: <none>

TIMING-17#545 Critical Warning
Non-clocked sequential cell  
The clock pin u_data_memory/mem_reg[1061][0]/C is not reached by a timing clock
Related violations: <none>

TIMING-17#546 Critical Warning
Non-clocked sequential cell  
The clock pin u_data_memory/mem_reg[1061][1]/C is not reached by a timing clock
Related violations: <none>

TIMING-17#547 Critical Warning
Non-clocked sequential cell  
The clock pin u_data_memory/mem_reg[1061][2]/C is not reached by a timing clock
Related violations: <none>

TIMING-17#548 Critical Warning
Non-clocked sequential cell  
The clock pin u_data_memory/mem_reg[1061][3]/C is not reached by a timing clock
Related violations: <none>

TIMING-17#549 Critical Warning
Non-clocked sequential cell  
The clock pin u_data_memory/mem_reg[1061][4]/C is not reached by a timing clock
Related violations: <none>

TIMING-17#550 Critical Warning
Non-clocked sequential cell  
The clock pin u_data_memory/mem_reg[1061][5]/C is not reached by a timing clock
Related violations: <none>

TIMING-17#551 Critical Warning
Non-clocked sequential cell  
The clock pin u_data_memory/mem_reg[1061][6]/C is not reached by a timing clock
Related violations: <none>

TIMING-17#552 Critical Warning
Non-clocked sequential cell  
The clock pin u_data_memory/mem_reg[1061][7]/C is not reached by a timing clock
Related violations: <none>

TIMING-17#553 Critical Warning
Non-clocked sequential cell  
The clock pin u_data_memory/mem_reg[1062][0]/C is not reached by a timing clock
Related violations: <none>

TIMING-17#554 Critical Warning
Non-clocked sequential cell  
The clock pin u_data_memory/mem_reg[1062][1]/C is not reached by a timing clock
Related violations: <none>

TIMING-17#555 Critical Warning
Non-clocked sequential cell  
The clock pin u_data_memory/mem_reg[1062][2]/C is not reached by a timing clock
Related violations: <none>

TIMING-17#556 Critical Warning
Non-clocked sequential cell  
The clock pin u_data_memory/mem_reg[1062][3]/C is not reached by a timing clock
Related violations: <none>

TIMING-17#557 Critical Warning
Non-clocked sequential cell  
The clock pin u_data_memory/mem_reg[1062][4]/C is not reached by a timing clock
Related violations: <none>

TIMING-17#558 Critical Warning
Non-clocked sequential cell  
The clock pin u_data_memory/mem_reg[1062][5]/C is not reached by a timing clock
Related violations: <none>

TIMING-17#559 Critical Warning
Non-clocked sequential cell  
The clock pin u_data_memory/mem_reg[1062][6]/C is not reached by a timing clock
Related violations: <none>

TIMING-17#560 Critical Warning
Non-clocked sequential cell  
The clock pin u_data_memory/mem_reg[1062][7]/C is not reached by a timing clock
Related violations: <none>

TIMING-17#561 Critical Warning
Non-clocked sequential cell  
The clock pin u_data_memory/mem_reg[1063][0]/C is not reached by a timing clock
Related violations: <none>

TIMING-17#562 Critical Warning
Non-clocked sequential cell  
The clock pin u_data_memory/mem_reg[1063][1]/C is not reached by a timing clock
Related violations: <none>

TIMING-17#563 Critical Warning
Non-clocked sequential cell  
The clock pin u_data_memory/mem_reg[1063][2]/C is not reached by a timing clock
Related violations: <none>

TIMING-17#564 Critical Warning
Non-clocked sequential cell  
The clock pin u_data_memory/mem_reg[1063][3]/C is not reached by a timing clock
Related violations: <none>

TIMING-17#565 Critical Warning
Non-clocked sequential cell  
The clock pin u_data_memory/mem_reg[1063][4]/C is not reached by a timing clock
Related violations: <none>

TIMING-17#566 Critical Warning
Non-clocked sequential cell  
The clock pin u_data_memory/mem_reg[1063][5]/C is not reached by a timing clock
Related violations: <none>

TIMING-17#567 Critical Warning
Non-clocked sequential cell  
The clock pin u_data_memory/mem_reg[1063][6]/C is not reached by a timing clock
Related violations: <none>

TIMING-17#568 Critical Warning
Non-clocked sequential cell  
The clock pin u_data_memory/mem_reg[1063][7]/C is not reached by a timing clock
Related violations: <none>

TIMING-17#569 Critical Warning
Non-clocked sequential cell  
The clock pin u_data_memory/mem_reg[1064][0]/C is not reached by a timing clock
Related violations: <none>

TIMING-17#570 Critical Warning
Non-clocked sequential cell  
The clock pin u_data_memory/mem_reg[1064][1]/C is not reached by a timing clock
Related violations: <none>

TIMING-17#571 Critical Warning
Non-clocked sequential cell  
The clock pin u_data_memory/mem_reg[1064][2]/C is not reached by a timing clock
Related violations: <none>

TIMING-17#572 Critical Warning
Non-clocked sequential cell  
The clock pin u_data_memory/mem_reg[1064][3]/C is not reached by a timing clock
Related violations: <none>

TIMING-17#573 Critical Warning
Non-clocked sequential cell  
The clock pin u_data_memory/mem_reg[1064][4]/C is not reached by a timing clock
Related violations: <none>

TIMING-17#574 Critical Warning
Non-clocked sequential cell  
The clock pin u_data_memory/mem_reg[1064][5]/C is not reached by a timing clock
Related violations: <none>

TIMING-17#575 Critical Warning
Non-clocked sequential cell  
The clock pin u_data_memory/mem_reg[1064][6]/C is not reached by a timing clock
Related violations: <none>

TIMING-17#576 Critical Warning
Non-clocked sequential cell  
The clock pin u_data_memory/mem_reg[1064][7]/C is not reached by a timing clock
Related violations: <none>

TIMING-17#577 Critical Warning
Non-clocked sequential cell  
The clock pin u_data_memory/mem_reg[1065][0]/C is not reached by a timing clock
Related violations: <none>

TIMING-17#578 Critical Warning
Non-clocked sequential cell  
The clock pin u_data_memory/mem_reg[1065][1]/C is not reached by a timing clock
Related violations: <none>

TIMING-17#579 Critical Warning
Non-clocked sequential cell  
The clock pin u_data_memory/mem_reg[1065][2]/C is not reached by a timing clock
Related violations: <none>

TIMING-17#580 Critical Warning
Non-clocked sequential cell  
The clock pin u_data_memory/mem_reg[1065][3]/C is not reached by a timing clock
Related violations: <none>

TIMING-17#581 Critical Warning
Non-clocked sequential cell  
The clock pin u_data_memory/mem_reg[1065][4]/C is not reached by a timing clock
Related violations: <none>

TIMING-17#582 Critical Warning
Non-clocked sequential cell  
The clock pin u_data_memory/mem_reg[1065][5]/C is not reached by a timing clock
Related violations: <none>

TIMING-17#583 Critical Warning
Non-clocked sequential cell  
The clock pin u_data_memory/mem_reg[1065][6]/C is not reached by a timing clock
Related violations: <none>

TIMING-17#584 Critical Warning
Non-clocked sequential cell  
The clock pin u_data_memory/mem_reg[1065][7]/C is not reached by a timing clock
Related violations: <none>

TIMING-17#585 Critical Warning
Non-clocked sequential cell  
The clock pin u_data_memory/mem_reg[1066][0]/C is not reached by a timing clock
Related violations: <none>

TIMING-17#586 Critical Warning
Non-clocked sequential cell  
The clock pin u_data_memory/mem_reg[1066][1]/C is not reached by a timing clock
Related violations: <none>

TIMING-17#587 Critical Warning
Non-clocked sequential cell  
The clock pin u_data_memory/mem_reg[1066][2]/C is not reached by a timing clock
Related violations: <none>

TIMING-17#588 Critical Warning
Non-clocked sequential cell  
The clock pin u_data_memory/mem_reg[1066][3]/C is not reached by a timing clock
Related violations: <none>

TIMING-17#589 Critical Warning
Non-clocked sequential cell  
The clock pin u_data_memory/mem_reg[1066][4]/C is not reached by a timing clock
Related violations: <none>

TIMING-17#590 Critical Warning
Non-clocked sequential cell  
The clock pin u_data_memory/mem_reg[1066][5]/C is not reached by a timing clock
Related violations: <none>

TIMING-17#591 Critical Warning
Non-clocked sequential cell  
The clock pin u_data_memory/mem_reg[1066][6]/C is not reached by a timing clock
Related violations: <none>

TIMING-17#592 Critical Warning
Non-clocked sequential cell  
The clock pin u_data_memory/mem_reg[1066][7]/C is not reached by a timing clock
Related violations: <none>

TIMING-17#593 Critical Warning
Non-clocked sequential cell  
The clock pin u_data_memory/mem_reg[1067][0]/C is not reached by a timing clock
Related violations: <none>

TIMING-17#594 Critical Warning
Non-clocked sequential cell  
The clock pin u_data_memory/mem_reg[1067][1]/C is not reached by a timing clock
Related violations: <none>

TIMING-17#595 Critical Warning
Non-clocked sequential cell  
The clock pin u_data_memory/mem_reg[1067][2]/C is not reached by a timing clock
Related violations: <none>

TIMING-17#596 Critical Warning
Non-clocked sequential cell  
The clock pin u_data_memory/mem_reg[1067][3]/C is not reached by a timing clock
Related violations: <none>

TIMING-17#597 Critical Warning
Non-clocked sequential cell  
The clock pin u_data_memory/mem_reg[1067][4]/C is not reached by a timing clock
Related violations: <none>

TIMING-17#598 Critical Warning
Non-clocked sequential cell  
The clock pin u_data_memory/mem_reg[1067][5]/C is not reached by a timing clock
Related violations: <none>

TIMING-17#599 Critical Warning
Non-clocked sequential cell  
The clock pin u_data_memory/mem_reg[1067][6]/C is not reached by a timing clock
Related violations: <none>

TIMING-17#600 Critical Warning
Non-clocked sequential cell  
The clock pin u_data_memory/mem_reg[1067][7]/C is not reached by a timing clock
Related violations: <none>

TIMING-17#601 Critical Warning
Non-clocked sequential cell  
The clock pin u_data_memory/mem_reg[1068][0]/C is not reached by a timing clock
Related violations: <none>

TIMING-17#602 Critical Warning
Non-clocked sequential cell  
The clock pin u_data_memory/mem_reg[1068][1]/C is not reached by a timing clock
Related violations: <none>

TIMING-17#603 Critical Warning
Non-clocked sequential cell  
The clock pin u_data_memory/mem_reg[1068][2]/C is not reached by a timing clock
Related violations: <none>

TIMING-17#604 Critical Warning
Non-clocked sequential cell  
The clock pin u_data_memory/mem_reg[1068][3]/C is not reached by a timing clock
Related violations: <none>

TIMING-17#605 Critical Warning
Non-clocked sequential cell  
The clock pin u_data_memory/mem_reg[1068][4]/C is not reached by a timing clock
Related violations: <none>

TIMING-17#606 Critical Warning
Non-clocked sequential cell  
The clock pin u_data_memory/mem_reg[1068][5]/C is not reached by a timing clock
Related violations: <none>

TIMING-17#607 Critical Warning
Non-clocked sequential cell  
The clock pin u_data_memory/mem_reg[1068][6]/C is not reached by a timing clock
Related violations: <none>

TIMING-17#608 Critical Warning
Non-clocked sequential cell  
The clock pin u_data_memory/mem_reg[1068][7]/C is not reached by a timing clock
Related violations: <none>

TIMING-17#609 Critical Warning
Non-clocked sequential cell  
The clock pin u_data_memory/mem_reg[1069][0]/C is not reached by a timing clock
Related violations: <none>

TIMING-17#610 Critical Warning
Non-clocked sequential cell  
The clock pin u_data_memory/mem_reg[1069][1]/C is not reached by a timing clock
Related violations: <none>

TIMING-17#611 Critical Warning
Non-clocked sequential cell  
The clock pin u_data_memory/mem_reg[1069][2]/C is not reached by a timing clock
Related violations: <none>

TIMING-17#612 Critical Warning
Non-clocked sequential cell  
The clock pin u_data_memory/mem_reg[1069][3]/C is not reached by a timing clock
Related violations: <none>

TIMING-17#613 Critical Warning
Non-clocked sequential cell  
The clock pin u_data_memory/mem_reg[1069][4]/C is not reached by a timing clock
Related violations: <none>

TIMING-17#614 Critical Warning
Non-clocked sequential cell  
The clock pin u_data_memory/mem_reg[1069][5]/C is not reached by a timing clock
Related violations: <none>

TIMING-17#615 Critical Warning
Non-clocked sequential cell  
The clock pin u_data_memory/mem_reg[1069][6]/C is not reached by a timing clock
Related violations: <none>

TIMING-17#616 Critical Warning
Non-clocked sequential cell  
The clock pin u_data_memory/mem_reg[1069][7]/C is not reached by a timing clock
Related violations: <none>

TIMING-17#617 Critical Warning
Non-clocked sequential cell  
The clock pin u_data_memory/mem_reg[106][0]/C is not reached by a timing clock
Related violations: <none>

TIMING-17#618 Critical Warning
Non-clocked sequential cell  
The clock pin u_data_memory/mem_reg[106][1]/C is not reached by a timing clock
Related violations: <none>

TIMING-17#619 Critical Warning
Non-clocked sequential cell  
The clock pin u_data_memory/mem_reg[106][2]/C is not reached by a timing clock
Related violations: <none>

TIMING-17#620 Critical Warning
Non-clocked sequential cell  
The clock pin u_data_memory/mem_reg[106][3]/C is not reached by a timing clock
Related violations: <none>

TIMING-17#621 Critical Warning
Non-clocked sequential cell  
The clock pin u_data_memory/mem_reg[106][4]/C is not reached by a timing clock
Related violations: <none>

TIMING-17#622 Critical Warning
Non-clocked sequential cell  
The clock pin u_data_memory/mem_reg[106][5]/C is not reached by a timing clock
Related violations: <none>

TIMING-17#623 Critical Warning
Non-clocked sequential cell  
The clock pin u_data_memory/mem_reg[106][6]/C is not reached by a timing clock
Related violations: <none>

TIMING-17#624 Critical Warning
Non-clocked sequential cell  
The clock pin u_data_memory/mem_reg[106][7]/C is not reached by a timing clock
Related violations: <none>

TIMING-17#625 Critical Warning
Non-clocked sequential cell  
The clock pin u_data_memory/mem_reg[1070][0]/C is not reached by a timing clock
Related violations: <none>

TIMING-17#626 Critical Warning
Non-clocked sequential cell  
The clock pin u_data_memory/mem_reg[1070][1]/C is not reached by a timing clock
Related violations: <none>

TIMING-17#627 Critical Warning
Non-clocked sequential cell  
The clock pin u_data_memory/mem_reg[1070][2]/C is not reached by a timing clock
Related violations: <none>

TIMING-17#628 Critical Warning
Non-clocked sequential cell  
The clock pin u_data_memory/mem_reg[1070][3]/C is not reached by a timing clock
Related violations: <none>

TIMING-17#629 Critical Warning
Non-clocked sequential cell  
The clock pin u_data_memory/mem_reg[1070][4]/C is not reached by a timing clock
Related violations: <none>

TIMING-17#630 Critical Warning
Non-clocked sequential cell  
The clock pin u_data_memory/mem_reg[1070][5]/C is not reached by a timing clock
Related violations: <none>

TIMING-17#631 Critical Warning
Non-clocked sequential cell  
The clock pin u_data_memory/mem_reg[1070][6]/C is not reached by a timing clock
Related violations: <none>

TIMING-17#632 Critical Warning
Non-clocked sequential cell  
The clock pin u_data_memory/mem_reg[1070][7]/C is not reached by a timing clock
Related violations: <none>

TIMING-17#633 Critical Warning
Non-clocked sequential cell  
The clock pin u_data_memory/mem_reg[1071][0]/C is not reached by a timing clock
Related violations: <none>

TIMING-17#634 Critical Warning
Non-clocked sequential cell  
The clock pin u_data_memory/mem_reg[1071][1]/C is not reached by a timing clock
Related violations: <none>

TIMING-17#635 Critical Warning
Non-clocked sequential cell  
The clock pin u_data_memory/mem_reg[1071][2]/C is not reached by a timing clock
Related violations: <none>

TIMING-17#636 Critical Warning
Non-clocked sequential cell  
The clock pin u_data_memory/mem_reg[1071][3]/C is not reached by a timing clock
Related violations: <none>

TIMING-17#637 Critical Warning
Non-clocked sequential cell  
The clock pin u_data_memory/mem_reg[1071][4]/C is not reached by a timing clock
Related violations: <none>

TIMING-17#638 Critical Warning
Non-clocked sequential cell  
The clock pin u_data_memory/mem_reg[1071][5]/C is not reached by a timing clock
Related violations: <none>

TIMING-17#639 Critical Warning
Non-clocked sequential cell  
The clock pin u_data_memory/mem_reg[1071][6]/C is not reached by a timing clock
Related violations: <none>

TIMING-17#640 Critical Warning
Non-clocked sequential cell  
The clock pin u_data_memory/mem_reg[1071][7]/C is not reached by a timing clock
Related violations: <none>

TIMING-17#641 Critical Warning
Non-clocked sequential cell  
The clock pin u_data_memory/mem_reg[1072][0]/C is not reached by a timing clock
Related violations: <none>

TIMING-17#642 Critical Warning
Non-clocked sequential cell  
The clock pin u_data_memory/mem_reg[1072][1]/C is not reached by a timing clock
Related violations: <none>

TIMING-17#643 Critical Warning
Non-clocked sequential cell  
The clock pin u_data_memory/mem_reg[1072][2]/C is not reached by a timing clock
Related violations: <none>

TIMING-17#644 Critical Warning
Non-clocked sequential cell  
The clock pin u_data_memory/mem_reg[1072][3]/C is not reached by a timing clock
Related violations: <none>

TIMING-17#645 Critical Warning
Non-clocked sequential cell  
The clock pin u_data_memory/mem_reg[1072][4]/C is not reached by a timing clock
Related violations: <none>

TIMING-17#646 Critical Warning
Non-clocked sequential cell  
The clock pin u_data_memory/mem_reg[1072][5]/C is not reached by a timing clock
Related violations: <none>

TIMING-17#647 Critical Warning
Non-clocked sequential cell  
The clock pin u_data_memory/mem_reg[1072][6]/C is not reached by a timing clock
Related violations: <none>

TIMING-17#648 Critical Warning
Non-clocked sequential cell  
The clock pin u_data_memory/mem_reg[1072][7]/C is not reached by a timing clock
Related violations: <none>

TIMING-17#649 Critical Warning
Non-clocked sequential cell  
The clock pin u_data_memory/mem_reg[1073][0]/C is not reached by a timing clock
Related violations: <none>

TIMING-17#650 Critical Warning
Non-clocked sequential cell  
The clock pin u_data_memory/mem_reg[1073][1]/C is not reached by a timing clock
Related violations: <none>

TIMING-17#651 Critical Warning
Non-clocked sequential cell  
The clock pin u_data_memory/mem_reg[1073][2]/C is not reached by a timing clock
Related violations: <none>

TIMING-17#652 Critical Warning
Non-clocked sequential cell  
The clock pin u_data_memory/mem_reg[1073][3]/C is not reached by a timing clock
Related violations: <none>

TIMING-17#653 Critical Warning
Non-clocked sequential cell  
The clock pin u_data_memory/mem_reg[1073][4]/C is not reached by a timing clock
Related violations: <none>

TIMING-17#654 Critical Warning
Non-clocked sequential cell  
The clock pin u_data_memory/mem_reg[1073][5]/C is not reached by a timing clock
Related violations: <none>

TIMING-17#655 Critical Warning
Non-clocked sequential cell  
The clock pin u_data_memory/mem_reg[1073][6]/C is not reached by a timing clock
Related violations: <none>

TIMING-17#656 Critical Warning
Non-clocked sequential cell  
The clock pin u_data_memory/mem_reg[1073][7]/C is not reached by a timing clock
Related violations: <none>

TIMING-17#657 Critical Warning
Non-clocked sequential cell  
The clock pin u_data_memory/mem_reg[1074][0]/C is not reached by a timing clock
Related violations: <none>

TIMING-17#658 Critical Warning
Non-clocked sequential cell  
The clock pin u_data_memory/mem_reg[1074][1]/C is not reached by a timing clock
Related violations: <none>

TIMING-17#659 Critical Warning
Non-clocked sequential cell  
The clock pin u_data_memory/mem_reg[1074][2]/C is not reached by a timing clock
Related violations: <none>

TIMING-17#660 Critical Warning
Non-clocked sequential cell  
The clock pin u_data_memory/mem_reg[1074][3]/C is not reached by a timing clock
Related violations: <none>

TIMING-17#661 Critical Warning
Non-clocked sequential cell  
The clock pin u_data_memory/mem_reg[1074][4]/C is not reached by a timing clock
Related violations: <none>

TIMING-17#662 Critical Warning
Non-clocked sequential cell  
The clock pin u_data_memory/mem_reg[1074][5]/C is not reached by a timing clock
Related violations: <none>

TIMING-17#663 Critical Warning
Non-clocked sequential cell  
The clock pin u_data_memory/mem_reg[1074][6]/C is not reached by a timing clock
Related violations: <none>

TIMING-17#664 Critical Warning
Non-clocked sequential cell  
The clock pin u_data_memory/mem_reg[1074][7]/C is not reached by a timing clock
Related violations: <none>

TIMING-17#665 Critical Warning
Non-clocked sequential cell  
The clock pin u_data_memory/mem_reg[1075][0]/C is not reached by a timing clock
Related violations: <none>

TIMING-17#666 Critical Warning
Non-clocked sequential cell  
The clock pin u_data_memory/mem_reg[1075][1]/C is not reached by a timing clock
Related violations: <none>

TIMING-17#667 Critical Warning
Non-clocked sequential cell  
The clock pin u_data_memory/mem_reg[1075][2]/C is not reached by a timing clock
Related violations: <none>

TIMING-17#668 Critical Warning
Non-clocked sequential cell  
The clock pin u_data_memory/mem_reg[1075][3]/C is not reached by a timing clock
Related violations: <none>

TIMING-17#669 Critical Warning
Non-clocked sequential cell  
The clock pin u_data_memory/mem_reg[1075][4]/C is not reached by a timing clock
Related violations: <none>

TIMING-17#670 Critical Warning
Non-clocked sequential cell  
The clock pin u_data_memory/mem_reg[1075][5]/C is not reached by a timing clock
Related violations: <none>

TIMING-17#671 Critical Warning
Non-clocked sequential cell  
The clock pin u_data_memory/mem_reg[1075][6]/C is not reached by a timing clock
Related violations: <none>

TIMING-17#672 Critical Warning
Non-clocked sequential cell  
The clock pin u_data_memory/mem_reg[1075][7]/C is not reached by a timing clock
Related violations: <none>

TIMING-17#673 Critical Warning
Non-clocked sequential cell  
The clock pin u_data_memory/mem_reg[1076][0]/C is not reached by a timing clock
Related violations: <none>

TIMING-17#674 Critical Warning
Non-clocked sequential cell  
The clock pin u_data_memory/mem_reg[1076][1]/C is not reached by a timing clock
Related violations: <none>

TIMING-17#675 Critical Warning
Non-clocked sequential cell  
The clock pin u_data_memory/mem_reg[1076][2]/C is not reached by a timing clock
Related violations: <none>

TIMING-17#676 Critical Warning
Non-clocked sequential cell  
The clock pin u_data_memory/mem_reg[1076][3]/C is not reached by a timing clock
Related violations: <none>

TIMING-17#677 Critical Warning
Non-clocked sequential cell  
The clock pin u_data_memory/mem_reg[1076][4]/C is not reached by a timing clock
Related violations: <none>

TIMING-17#678 Critical Warning
Non-clocked sequential cell  
The clock pin u_data_memory/mem_reg[1076][5]/C is not reached by a timing clock
Related violations: <none>

TIMING-17#679 Critical Warning
Non-clocked sequential cell  
The clock pin u_data_memory/mem_reg[1076][6]/C is not reached by a timing clock
Related violations: <none>

TIMING-17#680 Critical Warning
Non-clocked sequential cell  
The clock pin u_data_memory/mem_reg[1076][7]/C is not reached by a timing clock
Related violations: <none>

TIMING-17#681 Critical Warning
Non-clocked sequential cell  
The clock pin u_data_memory/mem_reg[1077][0]/C is not reached by a timing clock
Related violations: <none>

TIMING-17#682 Critical Warning
Non-clocked sequential cell  
The clock pin u_data_memory/mem_reg[1077][1]/C is not reached by a timing clock
Related violations: <none>

TIMING-17#683 Critical Warning
Non-clocked sequential cell  
The clock pin u_data_memory/mem_reg[1077][2]/C is not reached by a timing clock
Related violations: <none>

TIMING-17#684 Critical Warning
Non-clocked sequential cell  
The clock pin u_data_memory/mem_reg[1077][3]/C is not reached by a timing clock
Related violations: <none>

TIMING-17#685 Critical Warning
Non-clocked sequential cell  
The clock pin u_data_memory/mem_reg[1077][4]/C is not reached by a timing clock
Related violations: <none>

TIMING-17#686 Critical Warning
Non-clocked sequential cell  
The clock pin u_data_memory/mem_reg[1077][5]/C is not reached by a timing clock
Related violations: <none>

TIMING-17#687 Critical Warning
Non-clocked sequential cell  
The clock pin u_data_memory/mem_reg[1077][6]/C is not reached by a timing clock
Related violations: <none>

TIMING-17#688 Critical Warning
Non-clocked sequential cell  
The clock pin u_data_memory/mem_reg[1077][7]/C is not reached by a timing clock
Related violations: <none>

TIMING-17#689 Critical Warning
Non-clocked sequential cell  
The clock pin u_data_memory/mem_reg[1078][0]/C is not reached by a timing clock
Related violations: <none>

TIMING-17#690 Critical Warning
Non-clocked sequential cell  
The clock pin u_data_memory/mem_reg[1078][1]/C is not reached by a timing clock
Related violations: <none>

TIMING-17#691 Critical Warning
Non-clocked sequential cell  
The clock pin u_data_memory/mem_reg[1078][2]/C is not reached by a timing clock
Related violations: <none>

TIMING-17#692 Critical Warning
Non-clocked sequential cell  
The clock pin u_data_memory/mem_reg[1078][3]/C is not reached by a timing clock
Related violations: <none>

TIMING-17#693 Critical Warning
Non-clocked sequential cell  
The clock pin u_data_memory/mem_reg[1078][4]/C is not reached by a timing clock
Related violations: <none>

TIMING-17#694 Critical Warning
Non-clocked sequential cell  
The clock pin u_data_memory/mem_reg[1078][5]/C is not reached by a timing clock
Related violations: <none>

TIMING-17#695 Critical Warning
Non-clocked sequential cell  
The clock pin u_data_memory/mem_reg[1078][6]/C is not reached by a timing clock
Related violations: <none>

TIMING-17#696 Critical Warning
Non-clocked sequential cell  
The clock pin u_data_memory/mem_reg[1078][7]/C is not reached by a timing clock
Related violations: <none>

TIMING-17#697 Critical Warning
Non-clocked sequential cell  
The clock pin u_data_memory/mem_reg[1079][0]/C is not reached by a timing clock
Related violations: <none>

TIMING-17#698 Critical Warning
Non-clocked sequential cell  
The clock pin u_data_memory/mem_reg[1079][1]/C is not reached by a timing clock
Related violations: <none>

TIMING-17#699 Critical Warning
Non-clocked sequential cell  
The clock pin u_data_memory/mem_reg[1079][2]/C is not reached by a timing clock
Related violations: <none>

TIMING-17#700 Critical Warning
Non-clocked sequential cell  
The clock pin u_data_memory/mem_reg[1079][3]/C is not reached by a timing clock
Related violations: <none>

TIMING-17#701 Critical Warning
Non-clocked sequential cell  
The clock pin u_data_memory/mem_reg[1079][4]/C is not reached by a timing clock
Related violations: <none>

TIMING-17#702 Critical Warning
Non-clocked sequential cell  
The clock pin u_data_memory/mem_reg[1079][5]/C is not reached by a timing clock
Related violations: <none>

TIMING-17#703 Critical Warning
Non-clocked sequential cell  
The clock pin u_data_memory/mem_reg[1079][6]/C is not reached by a timing clock
Related violations: <none>

TIMING-17#704 Critical Warning
Non-clocked sequential cell  
The clock pin u_data_memory/mem_reg[1079][7]/C is not reached by a timing clock
Related violations: <none>

TIMING-17#705 Critical Warning
Non-clocked sequential cell  
The clock pin u_data_memory/mem_reg[107][0]/C is not reached by a timing clock
Related violations: <none>

TIMING-17#706 Critical Warning
Non-clocked sequential cell  
The clock pin u_data_memory/mem_reg[107][1]/C is not reached by a timing clock
Related violations: <none>

TIMING-17#707 Critical Warning
Non-clocked sequential cell  
The clock pin u_data_memory/mem_reg[107][2]/C is not reached by a timing clock
Related violations: <none>

TIMING-17#708 Critical Warning
Non-clocked sequential cell  
The clock pin u_data_memory/mem_reg[107][3]/C is not reached by a timing clock
Related violations: <none>

TIMING-17#709 Critical Warning
Non-clocked sequential cell  
The clock pin u_data_memory/mem_reg[107][4]/C is not reached by a timing clock
Related violations: <none>

TIMING-17#710 Critical Warning
Non-clocked sequential cell  
The clock pin u_data_memory/mem_reg[107][5]/C is not reached by a timing clock
Related violations: <none>

TIMING-17#711 Critical Warning
Non-clocked sequential cell  
The clock pin u_data_memory/mem_reg[107][6]/C is not reached by a timing clock
Related violations: <none>

TIMING-17#712 Critical Warning
Non-clocked sequential cell  
The clock pin u_data_memory/mem_reg[107][7]/C is not reached by a timing clock
Related violations: <none>

TIMING-17#713 Critical Warning
Non-clocked sequential cell  
The clock pin u_data_memory/mem_reg[1080][0]/C is not reached by a timing clock
Related violations: <none>

TIMING-17#714 Critical Warning
Non-clocked sequential cell  
The clock pin u_data_memory/mem_reg[1080][1]/C is not reached by a timing clock
Related violations: <none>

TIMING-17#715 Critical Warning
Non-clocked sequential cell  
The clock pin u_data_memory/mem_reg[1080][2]/C is not reached by a timing clock
Related violations: <none>

TIMING-17#716 Critical Warning
Non-clocked sequential cell  
The clock pin u_data_memory/mem_reg[1080][3]/C is not reached by a timing clock
Related violations: <none>

TIMING-17#717 Critical Warning
Non-clocked sequential cell  
The clock pin u_data_memory/mem_reg[1080][4]/C is not reached by a timing clock
Related violations: <none>

TIMING-17#718 Critical Warning
Non-clocked sequential cell  
The clock pin u_data_memory/mem_reg[1080][5]/C is not reached by a timing clock
Related violations: <none>

TIMING-17#719 Critical Warning
Non-clocked sequential cell  
The clock pin u_data_memory/mem_reg[1080][6]/C is not reached by a timing clock
Related violations: <none>

TIMING-17#720 Critical Warning
Non-clocked sequential cell  
The clock pin u_data_memory/mem_reg[1080][7]/C is not reached by a timing clock
Related violations: <none>

TIMING-17#721 Critical Warning
Non-clocked sequential cell  
The clock pin u_data_memory/mem_reg[1081][0]/C is not reached by a timing clock
Related violations: <none>

TIMING-17#722 Critical Warning
Non-clocked sequential cell  
The clock pin u_data_memory/mem_reg[1081][1]/C is not reached by a timing clock
Related violations: <none>

TIMING-17#723 Critical Warning
Non-clocked sequential cell  
The clock pin u_data_memory/mem_reg[1081][2]/C is not reached by a timing clock
Related violations: <none>

TIMING-17#724 Critical Warning
Non-clocked sequential cell  
The clock pin u_data_memory/mem_reg[1081][3]/C is not reached by a timing clock
Related violations: <none>

TIMING-17#725 Critical Warning
Non-clocked sequential cell  
The clock pin u_data_memory/mem_reg[1081][4]/C is not reached by a timing clock
Related violations: <none>

TIMING-17#726 Critical Warning
Non-clocked sequential cell  
The clock pin u_data_memory/mem_reg[1081][5]/C is not reached by a timing clock
Related violations: <none>

TIMING-17#727 Critical Warning
Non-clocked sequential cell  
The clock pin u_data_memory/mem_reg[1081][6]/C is not reached by a timing clock
Related violations: <none>

TIMING-17#728 Critical Warning
Non-clocked sequential cell  
The clock pin u_data_memory/mem_reg[1081][7]/C is not reached by a timing clock
Related violations: <none>

TIMING-17#729 Critical Warning
Non-clocked sequential cell  
The clock pin u_data_memory/mem_reg[1082][0]/C is not reached by a timing clock
Related violations: <none>

TIMING-17#730 Critical Warning
Non-clocked sequential cell  
The clock pin u_data_memory/mem_reg[1082][1]/C is not reached by a timing clock
Related violations: <none>

TIMING-17#731 Critical Warning
Non-clocked sequential cell  
The clock pin u_data_memory/mem_reg[1082][2]/C is not reached by a timing clock
Related violations: <none>

TIMING-17#732 Critical Warning
Non-clocked sequential cell  
The clock pin u_data_memory/mem_reg[1082][3]/C is not reached by a timing clock
Related violations: <none>

TIMING-17#733 Critical Warning
Non-clocked sequential cell  
The clock pin u_data_memory/mem_reg[1082][4]/C is not reached by a timing clock
Related violations: <none>

TIMING-17#734 Critical Warning
Non-clocked sequential cell  
The clock pin u_data_memory/mem_reg[1082][5]/C is not reached by a timing clock
Related violations: <none>

TIMING-17#735 Critical Warning
Non-clocked sequential cell  
The clock pin u_data_memory/mem_reg[1082][6]/C is not reached by a timing clock
Related violations: <none>

TIMING-17#736 Critical Warning
Non-clocked sequential cell  
The clock pin u_data_memory/mem_reg[1082][7]/C is not reached by a timing clock
Related violations: <none>

TIMING-17#737 Critical Warning
Non-clocked sequential cell  
The clock pin u_data_memory/mem_reg[1083][0]/C is not reached by a timing clock
Related violations: <none>

TIMING-17#738 Critical Warning
Non-clocked sequential cell  
The clock pin u_data_memory/mem_reg[1083][1]/C is not reached by a timing clock
Related violations: <none>

TIMING-17#739 Critical Warning
Non-clocked sequential cell  
The clock pin u_data_memory/mem_reg[1083][2]/C is not reached by a timing clock
Related violations: <none>

TIMING-17#740 Critical Warning
Non-clocked sequential cell  
The clock pin u_data_memory/mem_reg[1083][3]/C is not reached by a timing clock
Related violations: <none>

TIMING-17#741 Critical Warning
Non-clocked sequential cell  
The clock pin u_data_memory/mem_reg[1083][4]/C is not reached by a timing clock
Related violations: <none>

TIMING-17#742 Critical Warning
Non-clocked sequential cell  
The clock pin u_data_memory/mem_reg[1083][5]/C is not reached by a timing clock
Related violations: <none>

TIMING-17#743 Critical Warning
Non-clocked sequential cell  
The clock pin u_data_memory/mem_reg[1083][6]/C is not reached by a timing clock
Related violations: <none>

TIMING-17#744 Critical Warning
Non-clocked sequential cell  
The clock pin u_data_memory/mem_reg[1083][7]/C is not reached by a timing clock
Related violations: <none>

TIMING-17#745 Critical Warning
Non-clocked sequential cell  
The clock pin u_data_memory/mem_reg[1084][0]/C is not reached by a timing clock
Related violations: <none>

TIMING-17#746 Critical Warning
Non-clocked sequential cell  
The clock pin u_data_memory/mem_reg[1084][1]/C is not reached by a timing clock
Related violations: <none>

TIMING-17#747 Critical Warning
Non-clocked sequential cell  
The clock pin u_data_memory/mem_reg[1084][2]/C is not reached by a timing clock
Related violations: <none>

TIMING-17#748 Critical Warning
Non-clocked sequential cell  
The clock pin u_data_memory/mem_reg[1084][3]/C is not reached by a timing clock
Related violations: <none>

TIMING-17#749 Critical Warning
Non-clocked sequential cell  
The clock pin u_data_memory/mem_reg[1084][4]/C is not reached by a timing clock
Related violations: <none>

TIMING-17#750 Critical Warning
Non-clocked sequential cell  
The clock pin u_data_memory/mem_reg[1084][5]/C is not reached by a timing clock
Related violations: <none>

TIMING-17#751 Critical Warning
Non-clocked sequential cell  
The clock pin u_data_memory/mem_reg[1084][6]/C is not reached by a timing clock
Related violations: <none>

TIMING-17#752 Critical Warning
Non-clocked sequential cell  
The clock pin u_data_memory/mem_reg[1084][7]/C is not reached by a timing clock
Related violations: <none>

TIMING-17#753 Critical Warning
Non-clocked sequential cell  
The clock pin u_data_memory/mem_reg[1085][0]/C is not reached by a timing clock
Related violations: <none>

TIMING-17#754 Critical Warning
Non-clocked sequential cell  
The clock pin u_data_memory/mem_reg[1085][1]/C is not reached by a timing clock
Related violations: <none>

TIMING-17#755 Critical Warning
Non-clocked sequential cell  
The clock pin u_data_memory/mem_reg[1085][2]/C is not reached by a timing clock
Related violations: <none>

TIMING-17#756 Critical Warning
Non-clocked sequential cell  
The clock pin u_data_memory/mem_reg[1085][3]/C is not reached by a timing clock
Related violations: <none>

TIMING-17#757 Critical Warning
Non-clocked sequential cell  
The clock pin u_data_memory/mem_reg[1085][4]/C is not reached by a timing clock
Related violations: <none>

TIMING-17#758 Critical Warning
Non-clocked sequential cell  
The clock pin u_data_memory/mem_reg[1085][5]/C is not reached by a timing clock
Related violations: <none>

TIMING-17#759 Critical Warning
Non-clocked sequential cell  
The clock pin u_data_memory/mem_reg[1085][6]/C is not reached by a timing clock
Related violations: <none>

TIMING-17#760 Critical Warning
Non-clocked sequential cell  
The clock pin u_data_memory/mem_reg[1085][7]/C is not reached by a timing clock
Related violations: <none>

TIMING-17#761 Critical Warning
Non-clocked sequential cell  
The clock pin u_data_memory/mem_reg[1086][0]/C is not reached by a timing clock
Related violations: <none>

TIMING-17#762 Critical Warning
Non-clocked sequential cell  
The clock pin u_data_memory/mem_reg[1086][1]/C is not reached by a timing clock
Related violations: <none>

TIMING-17#763 Critical Warning
Non-clocked sequential cell  
The clock pin u_data_memory/mem_reg[1086][2]/C is not reached by a timing clock
Related violations: <none>

TIMING-17#764 Critical Warning
Non-clocked sequential cell  
The clock pin u_data_memory/mem_reg[1086][3]/C is not reached by a timing clock
Related violations: <none>

TIMING-17#765 Critical Warning
Non-clocked sequential cell  
The clock pin u_data_memory/mem_reg[1086][4]/C is not reached by a timing clock
Related violations: <none>

TIMING-17#766 Critical Warning
Non-clocked sequential cell  
The clock pin u_data_memory/mem_reg[1086][5]/C is not reached by a timing clock
Related violations: <none>

TIMING-17#767 Critical Warning
Non-clocked sequential cell  
The clock pin u_data_memory/mem_reg[1086][6]/C is not reached by a timing clock
Related violations: <none>

TIMING-17#768 Critical Warning
Non-clocked sequential cell  
The clock pin u_data_memory/mem_reg[1086][7]/C is not reached by a timing clock
Related violations: <none>

TIMING-17#769 Critical Warning
Non-clocked sequential cell  
The clock pin u_data_memory/mem_reg[1087][0]/C is not reached by a timing clock
Related violations: <none>

TIMING-17#770 Critical Warning
Non-clocked sequential cell  
The clock pin u_data_memory/mem_reg[1087][1]/C is not reached by a timing clock
Related violations: <none>

TIMING-17#771 Critical Warning
Non-clocked sequential cell  
The clock pin u_data_memory/mem_reg[1087][2]/C is not reached by a timing clock
Related violations: <none>

TIMING-17#772 Critical Warning
Non-clocked sequential cell  
The clock pin u_data_memory/mem_reg[1087][3]/C is not reached by a timing clock
Related violations: <none>

TIMING-17#773 Critical Warning
Non-clocked sequential cell  
The clock pin u_data_memory/mem_reg[1087][4]/C is not reached by a timing clock
Related violations: <none>

TIMING-17#774 Critical Warning
Non-clocked sequential cell  
The clock pin u_data_memory/mem_reg[1087][5]/C is not reached by a timing clock
Related violations: <none>

TIMING-17#775 Critical Warning
Non-clocked sequential cell  
The clock pin u_data_memory/mem_reg[1087][6]/C is not reached by a timing clock
Related violations: <none>

TIMING-17#776 Critical Warning
Non-clocked sequential cell  
The clock pin u_data_memory/mem_reg[1087][7]/C is not reached by a timing clock
Related violations: <none>

TIMING-17#777 Critical Warning
Non-clocked sequential cell  
The clock pin u_data_memory/mem_reg[1088][0]/C is not reached by a timing clock
Related violations: <none>

TIMING-17#778 Critical Warning
Non-clocked sequential cell  
The clock pin u_data_memory/mem_reg[1088][1]/C is not reached by a timing clock
Related violations: <none>

TIMING-17#779 Critical Warning
Non-clocked sequential cell  
The clock pin u_data_memory/mem_reg[1088][2]/C is not reached by a timing clock
Related violations: <none>

TIMING-17#780 Critical Warning
Non-clocked sequential cell  
The clock pin u_data_memory/mem_reg[1088][3]/C is not reached by a timing clock
Related violations: <none>

TIMING-17#781 Critical Warning
Non-clocked sequential cell  
The clock pin u_data_memory/mem_reg[1088][4]/C is not reached by a timing clock
Related violations: <none>

TIMING-17#782 Critical Warning
Non-clocked sequential cell  
The clock pin u_data_memory/mem_reg[1088][5]/C is not reached by a timing clock
Related violations: <none>

TIMING-17#783 Critical Warning
Non-clocked sequential cell  
The clock pin u_data_memory/mem_reg[1088][6]/C is not reached by a timing clock
Related violations: <none>

TIMING-17#784 Critical Warning
Non-clocked sequential cell  
The clock pin u_data_memory/mem_reg[1088][7]/C is not reached by a timing clock
Related violations: <none>

TIMING-17#785 Critical Warning
Non-clocked sequential cell  
The clock pin u_data_memory/mem_reg[1089][0]/C is not reached by a timing clock
Related violations: <none>

TIMING-17#786 Critical Warning
Non-clocked sequential cell  
The clock pin u_data_memory/mem_reg[1089][1]/C is not reached by a timing clock
Related violations: <none>

TIMING-17#787 Critical Warning
Non-clocked sequential cell  
The clock pin u_data_memory/mem_reg[1089][2]/C is not reached by a timing clock
Related violations: <none>

TIMING-17#788 Critical Warning
Non-clocked sequential cell  
The clock pin u_data_memory/mem_reg[1089][3]/C is not reached by a timing clock
Related violations: <none>

TIMING-17#789 Critical Warning
Non-clocked sequential cell  
The clock pin u_data_memory/mem_reg[1089][4]/C is not reached by a timing clock
Related violations: <none>

TIMING-17#790 Critical Warning
Non-clocked sequential cell  
The clock pin u_data_memory/mem_reg[1089][5]/C is not reached by a timing clock
Related violations: <none>

TIMING-17#791 Critical Warning
Non-clocked sequential cell  
The clock pin u_data_memory/mem_reg[1089][6]/C is not reached by a timing clock
Related violations: <none>

TIMING-17#792 Critical Warning
Non-clocked sequential cell  
The clock pin u_data_memory/mem_reg[1089][7]/C is not reached by a timing clock
Related violations: <none>

TIMING-17#793 Critical Warning
Non-clocked sequential cell  
The clock pin u_data_memory/mem_reg[108][0]/C is not reached by a timing clock
Related violations: <none>

TIMING-17#794 Critical Warning
Non-clocked sequential cell  
The clock pin u_data_memory/mem_reg[108][1]/C is not reached by a timing clock
Related violations: <none>

TIMING-17#795 Critical Warning
Non-clocked sequential cell  
The clock pin u_data_memory/mem_reg[108][2]/C is not reached by a timing clock
Related violations: <none>

TIMING-17#796 Critical Warning
Non-clocked sequential cell  
The clock pin u_data_memory/mem_reg[108][3]/C is not reached by a timing clock
Related violations: <none>

TIMING-17#797 Critical Warning
Non-clocked sequential cell  
The clock pin u_data_memory/mem_reg[108][4]/C is not reached by a timing clock
Related violations: <none>

TIMING-17#798 Critical Warning
Non-clocked sequential cell  
The clock pin u_data_memory/mem_reg[108][5]/C is not reached by a timing clock
Related violations: <none>

TIMING-17#799 Critical Warning
Non-clocked sequential cell  
The clock pin u_data_memory/mem_reg[108][6]/C is not reached by a timing clock
Related violations: <none>

TIMING-17#800 Critical Warning
Non-clocked sequential cell  
The clock pin u_data_memory/mem_reg[108][7]/C is not reached by a timing clock
Related violations: <none>

TIMING-17#801 Critical Warning
Non-clocked sequential cell  
The clock pin u_data_memory/mem_reg[1090][0]/C is not reached by a timing clock
Related violations: <none>

TIMING-17#802 Critical Warning
Non-clocked sequential cell  
The clock pin u_data_memory/mem_reg[1090][1]/C is not reached by a timing clock
Related violations: <none>

TIMING-17#803 Critical Warning
Non-clocked sequential cell  
The clock pin u_data_memory/mem_reg[1090][2]/C is not reached by a timing clock
Related violations: <none>

TIMING-17#804 Critical Warning
Non-clocked sequential cell  
The clock pin u_data_memory/mem_reg[1090][3]/C is not reached by a timing clock
Related violations: <none>

TIMING-17#805 Critical Warning
Non-clocked sequential cell  
The clock pin u_data_memory/mem_reg[1090][4]/C is not reached by a timing clock
Related violations: <none>

TIMING-17#806 Critical Warning
Non-clocked sequential cell  
The clock pin u_data_memory/mem_reg[1090][5]/C is not reached by a timing clock
Related violations: <none>

TIMING-17#807 Critical Warning
Non-clocked sequential cell  
The clock pin u_data_memory/mem_reg[1090][6]/C is not reached by a timing clock
Related violations: <none>

TIMING-17#808 Critical Warning
Non-clocked sequential cell  
The clock pin u_data_memory/mem_reg[1090][7]/C is not reached by a timing clock
Related violations: <none>

TIMING-17#809 Critical Warning
Non-clocked sequential cell  
The clock pin u_data_memory/mem_reg[1091][0]/C is not reached by a timing clock
Related violations: <none>

TIMING-17#810 Critical Warning
Non-clocked sequential cell  
The clock pin u_data_memory/mem_reg[1091][1]/C is not reached by a timing clock
Related violations: <none>

TIMING-17#811 Critical Warning
Non-clocked sequential cell  
The clock pin u_data_memory/mem_reg[1091][2]/C is not reached by a timing clock
Related violations: <none>

TIMING-17#812 Critical Warning
Non-clocked sequential cell  
The clock pin u_data_memory/mem_reg[1091][3]/C is not reached by a timing clock
Related violations: <none>

TIMING-17#813 Critical Warning
Non-clocked sequential cell  
The clock pin u_data_memory/mem_reg[1091][4]/C is not reached by a timing clock
Related violations: <none>

TIMING-17#814 Critical Warning
Non-clocked sequential cell  
The clock pin u_data_memory/mem_reg[1091][5]/C is not reached by a timing clock
Related violations: <none>

TIMING-17#815 Critical Warning
Non-clocked sequential cell  
The clock pin u_data_memory/mem_reg[1091][6]/C is not reached by a timing clock
Related violations: <none>

TIMING-17#816 Critical Warning
Non-clocked sequential cell  
The clock pin u_data_memory/mem_reg[1091][7]/C is not reached by a timing clock
Related violations: <none>

TIMING-17#817 Critical Warning
Non-clocked sequential cell  
The clock pin u_data_memory/mem_reg[1092][0]/C is not reached by a timing clock
Related violations: <none>

TIMING-17#818 Critical Warning
Non-clocked sequential cell  
The clock pin u_data_memory/mem_reg[1092][1]/C is not reached by a timing clock
Related violations: <none>

TIMING-17#819 Critical Warning
Non-clocked sequential cell  
The clock pin u_data_memory/mem_reg[1092][2]/C is not reached by a timing clock
Related violations: <none>

TIMING-17#820 Critical Warning
Non-clocked sequential cell  
The clock pin u_data_memory/mem_reg[1092][3]/C is not reached by a timing clock
Related violations: <none>

TIMING-17#821 Critical Warning
Non-clocked sequential cell  
The clock pin u_data_memory/mem_reg[1092][4]/C is not reached by a timing clock
Related violations: <none>

TIMING-17#822 Critical Warning
Non-clocked sequential cell  
The clock pin u_data_memory/mem_reg[1092][5]/C is not reached by a timing clock
Related violations: <none>

TIMING-17#823 Critical Warning
Non-clocked sequential cell  
The clock pin u_data_memory/mem_reg[1092][6]/C is not reached by a timing clock
Related violations: <none>

TIMING-17#824 Critical Warning
Non-clocked sequential cell  
The clock pin u_data_memory/mem_reg[1092][7]/C is not reached by a timing clock
Related violations: <none>

TIMING-17#825 Critical Warning
Non-clocked sequential cell  
The clock pin u_data_memory/mem_reg[1093][0]/C is not reached by a timing clock
Related violations: <none>

TIMING-17#826 Critical Warning
Non-clocked sequential cell  
The clock pin u_data_memory/mem_reg[1093][1]/C is not reached by a timing clock
Related violations: <none>

TIMING-17#827 Critical Warning
Non-clocked sequential cell  
The clock pin u_data_memory/mem_reg[1093][2]/C is not reached by a timing clock
Related violations: <none>

TIMING-17#828 Critical Warning
Non-clocked sequential cell  
The clock pin u_data_memory/mem_reg[1093][3]/C is not reached by a timing clock
Related violations: <none>

TIMING-17#829 Critical Warning
Non-clocked sequential cell  
The clock pin u_data_memory/mem_reg[1093][4]/C is not reached by a timing clock
Related violations: <none>

TIMING-17#830 Critical Warning
Non-clocked sequential cell  
The clock pin u_data_memory/mem_reg[1093][5]/C is not reached by a timing clock
Related violations: <none>

TIMING-17#831 Critical Warning
Non-clocked sequential cell  
The clock pin u_data_memory/mem_reg[1093][6]/C is not reached by a timing clock
Related violations: <none>

TIMING-17#832 Critical Warning
Non-clocked sequential cell  
The clock pin u_data_memory/mem_reg[1093][7]/C is not reached by a timing clock
Related violations: <none>

TIMING-17#833 Critical Warning
Non-clocked sequential cell  
The clock pin u_data_memory/mem_reg[1094][0]/C is not reached by a timing clock
Related violations: <none>

TIMING-17#834 Critical Warning
Non-clocked sequential cell  
The clock pin u_data_memory/mem_reg[1094][1]/C is not reached by a timing clock
Related violations: <none>

TIMING-17#835 Critical Warning
Non-clocked sequential cell  
The clock pin u_data_memory/mem_reg[1094][2]/C is not reached by a timing clock
Related violations: <none>

TIMING-17#836 Critical Warning
Non-clocked sequential cell  
The clock pin u_data_memory/mem_reg[1094][3]/C is not reached by a timing clock
Related violations: <none>

TIMING-17#837 Critical Warning
Non-clocked sequential cell  
The clock pin u_data_memory/mem_reg[1094][4]/C is not reached by a timing clock
Related violations: <none>

TIMING-17#838 Critical Warning
Non-clocked sequential cell  
The clock pin u_data_memory/mem_reg[1094][5]/C is not reached by a timing clock
Related violations: <none>

TIMING-17#839 Critical Warning
Non-clocked sequential cell  
The clock pin u_data_memory/mem_reg[1094][6]/C is not reached by a timing clock
Related violations: <none>

TIMING-17#840 Critical Warning
Non-clocked sequential cell  
The clock pin u_data_memory/mem_reg[1094][7]/C is not reached by a timing clock
Related violations: <none>

TIMING-17#841 Critical Warning
Non-clocked sequential cell  
The clock pin u_data_memory/mem_reg[1095][0]/C is not reached by a timing clock
Related violations: <none>

TIMING-17#842 Critical Warning
Non-clocked sequential cell  
The clock pin u_data_memory/mem_reg[1095][1]/C is not reached by a timing clock
Related violations: <none>

TIMING-17#843 Critical Warning
Non-clocked sequential cell  
The clock pin u_data_memory/mem_reg[1095][2]/C is not reached by a timing clock
Related violations: <none>

TIMING-17#844 Critical Warning
Non-clocked sequential cell  
The clock pin u_data_memory/mem_reg[1095][3]/C is not reached by a timing clock
Related violations: <none>

TIMING-17#845 Critical Warning
Non-clocked sequential cell  
The clock pin u_data_memory/mem_reg[1095][4]/C is not reached by a timing clock
Related violations: <none>

TIMING-17#846 Critical Warning
Non-clocked sequential cell  
The clock pin u_data_memory/mem_reg[1095][5]/C is not reached by a timing clock
Related violations: <none>

TIMING-17#847 Critical Warning
Non-clocked sequential cell  
The clock pin u_data_memory/mem_reg[1095][6]/C is not reached by a timing clock
Related violations: <none>

TIMING-17#848 Critical Warning
Non-clocked sequential cell  
The clock pin u_data_memory/mem_reg[1095][7]/C is not reached by a timing clock
Related violations: <none>

TIMING-17#849 Critical Warning
Non-clocked sequential cell  
The clock pin u_data_memory/mem_reg[1096][0]/C is not reached by a timing clock
Related violations: <none>

TIMING-17#850 Critical Warning
Non-clocked sequential cell  
The clock pin u_data_memory/mem_reg[1096][1]/C is not reached by a timing clock
Related violations: <none>

TIMING-17#851 Critical Warning
Non-clocked sequential cell  
The clock pin u_data_memory/mem_reg[1096][2]/C is not reached by a timing clock
Related violations: <none>

TIMING-17#852 Critical Warning
Non-clocked sequential cell  
The clock pin u_data_memory/mem_reg[1096][3]/C is not reached by a timing clock
Related violations: <none>

TIMING-17#853 Critical Warning
Non-clocked sequential cell  
The clock pin u_data_memory/mem_reg[1096][4]/C is not reached by a timing clock
Related violations: <none>

TIMING-17#854 Critical Warning
Non-clocked sequential cell  
The clock pin u_data_memory/mem_reg[1096][5]/C is not reached by a timing clock
Related violations: <none>

TIMING-17#855 Critical Warning
Non-clocked sequential cell  
The clock pin u_data_memory/mem_reg[1096][6]/C is not reached by a timing clock
Related violations: <none>

TIMING-17#856 Critical Warning
Non-clocked sequential cell  
The clock pin u_data_memory/mem_reg[1096][7]/C is not reached by a timing clock
Related violations: <none>

TIMING-17#857 Critical Warning
Non-clocked sequential cell  
The clock pin u_data_memory/mem_reg[1097][0]/C is not reached by a timing clock
Related violations: <none>

TIMING-17#858 Critical Warning
Non-clocked sequential cell  
The clock pin u_data_memory/mem_reg[1097][1]/C is not reached by a timing clock
Related violations: <none>

TIMING-17#859 Critical Warning
Non-clocked sequential cell  
The clock pin u_data_memory/mem_reg[1097][2]/C is not reached by a timing clock
Related violations: <none>

TIMING-17#860 Critical Warning
Non-clocked sequential cell  
The clock pin u_data_memory/mem_reg[1097][3]/C is not reached by a timing clock
Related violations: <none>

TIMING-17#861 Critical Warning
Non-clocked sequential cell  
The clock pin u_data_memory/mem_reg[1097][4]/C is not reached by a timing clock
Related violations: <none>

TIMING-17#862 Critical Warning
Non-clocked sequential cell  
The clock pin u_data_memory/mem_reg[1097][5]/C is not reached by a timing clock
Related violations: <none>

TIMING-17#863 Critical Warning
Non-clocked sequential cell  
The clock pin u_data_memory/mem_reg[1097][6]/C is not reached by a timing clock
Related violations: <none>

TIMING-17#864 Critical Warning
Non-clocked sequential cell  
The clock pin u_data_memory/mem_reg[1097][7]/C is not reached by a timing clock
Related violations: <none>

TIMING-17#865 Critical Warning
Non-clocked sequential cell  
The clock pin u_data_memory/mem_reg[1098][0]/C is not reached by a timing clock
Related violations: <none>

TIMING-17#866 Critical Warning
Non-clocked sequential cell  
The clock pin u_data_memory/mem_reg[1098][1]/C is not reached by a timing clock
Related violations: <none>

TIMING-17#867 Critical Warning
Non-clocked sequential cell  
The clock pin u_data_memory/mem_reg[1098][2]/C is not reached by a timing clock
Related violations: <none>

TIMING-17#868 Critical Warning
Non-clocked sequential cell  
The clock pin u_data_memory/mem_reg[1098][3]/C is not reached by a timing clock
Related violations: <none>

TIMING-17#869 Critical Warning
Non-clocked sequential cell  
The clock pin u_data_memory/mem_reg[1098][4]/C is not reached by a timing clock
Related violations: <none>

TIMING-17#870 Critical Warning
Non-clocked sequential cell  
The clock pin u_data_memory/mem_reg[1098][5]/C is not reached by a timing clock
Related violations: <none>

TIMING-17#871 Critical Warning
Non-clocked sequential cell  
The clock pin u_data_memory/mem_reg[1098][6]/C is not reached by a timing clock
Related violations: <none>

TIMING-17#872 Critical Warning
Non-clocked sequential cell  
The clock pin u_data_memory/mem_reg[1098][7]/C is not reached by a timing clock
Related violations: <none>

TIMING-17#873 Critical Warning
Non-clocked sequential cell  
The clock pin u_data_memory/mem_reg[1099][0]/C is not reached by a timing clock
Related violations: <none>

TIMING-17#874 Critical Warning
Non-clocked sequential cell  
The clock pin u_data_memory/mem_reg[1099][1]/C is not reached by a timing clock
Related violations: <none>

TIMING-17#875 Critical Warning
Non-clocked sequential cell  
The clock pin u_data_memory/mem_reg[1099][2]/C is not reached by a timing clock
Related violations: <none>

TIMING-17#876 Critical Warning
Non-clocked sequential cell  
The clock pin u_data_memory/mem_reg[1099][3]/C is not reached by a timing clock
Related violations: <none>

TIMING-17#877 Critical Warning
Non-clocked sequential cell  
The clock pin u_data_memory/mem_reg[1099][4]/C is not reached by a timing clock
Related violations: <none>

TIMING-17#878 Critical Warning
Non-clocked sequential cell  
The clock pin u_data_memory/mem_reg[1099][5]/C is not reached by a timing clock
Related violations: <none>

TIMING-17#879 Critical Warning
Non-clocked sequential cell  
The clock pin u_data_memory/mem_reg[1099][6]/C is not reached by a timing clock
Related violations: <none>

TIMING-17#880 Critical Warning
Non-clocked sequential cell  
The clock pin u_data_memory/mem_reg[1099][7]/C is not reached by a timing clock
Related violations: <none>

TIMING-17#881 Critical Warning
Non-clocked sequential cell  
The clock pin u_data_memory/mem_reg[109][0]/C is not reached by a timing clock
Related violations: <none>

TIMING-17#882 Critical Warning
Non-clocked sequential cell  
The clock pin u_data_memory/mem_reg[109][1]/C is not reached by a timing clock
Related violations: <none>

TIMING-17#883 Critical Warning
Non-clocked sequential cell  
The clock pin u_data_memory/mem_reg[109][2]/C is not reached by a timing clock
Related violations: <none>

TIMING-17#884 Critical Warning
Non-clocked sequential cell  
The clock pin u_data_memory/mem_reg[109][3]/C is not reached by a timing clock
Related violations: <none>

TIMING-17#885 Critical Warning
Non-clocked sequential cell  
The clock pin u_data_memory/mem_reg[109][4]/C is not reached by a timing clock
Related violations: <none>

TIMING-17#886 Critical Warning
Non-clocked sequential cell  
The clock pin u_data_memory/mem_reg[109][5]/C is not reached by a timing clock
Related violations: <none>

TIMING-17#887 Critical Warning
Non-clocked sequential cell  
The clock pin u_data_memory/mem_reg[109][6]/C is not reached by a timing clock
Related violations: <none>

TIMING-17#888 Critical Warning
Non-clocked sequential cell  
The clock pin u_data_memory/mem_reg[109][7]/C is not reached by a timing clock
Related violations: <none>

TIMING-17#889 Critical Warning
Non-clocked sequential cell  
The clock pin u_data_memory/mem_reg[10][0]/C is not reached by a timing clock
Related violations: <none>

TIMING-17#890 Critical Warning
Non-clocked sequential cell  
The clock pin u_data_memory/mem_reg[10][1]/C is not reached by a timing clock
Related violations: <none>

TIMING-17#891 Critical Warning
Non-clocked sequential cell  
The clock pin u_data_memory/mem_reg[10][2]/C is not reached by a timing clock
Related violations: <none>

TIMING-17#892 Critical Warning
Non-clocked sequential cell  
The clock pin u_data_memory/mem_reg[10][3]/C is not reached by a timing clock
Related violations: <none>

TIMING-17#893 Critical Warning
Non-clocked sequential cell  
The clock pin u_data_memory/mem_reg[10][4]/C is not reached by a timing clock
Related violations: <none>

TIMING-17#894 Critical Warning
Non-clocked sequential cell  
The clock pin u_data_memory/mem_reg[10][5]/C is not reached by a timing clock
Related violations: <none>

TIMING-17#895 Critical Warning
Non-clocked sequential cell  
The clock pin u_data_memory/mem_reg[10][6]/C is not reached by a timing clock
Related violations: <none>

TIMING-17#896 Critical Warning
Non-clocked sequential cell  
The clock pin u_data_memory/mem_reg[10][7]/C is not reached by a timing clock
Related violations: <none>

TIMING-17#897 Critical Warning
Non-clocked sequential cell  
The clock pin u_data_memory/mem_reg[1100][0]/C is not reached by a timing clock
Related violations: <none>

TIMING-17#898 Critical Warning
Non-clocked sequential cell  
The clock pin u_data_memory/mem_reg[1100][1]/C is not reached by a timing clock
Related violations: <none>

TIMING-17#899 Critical Warning
Non-clocked sequential cell  
The clock pin u_data_memory/mem_reg[1100][2]/C is not reached by a timing clock
Related violations: <none>

TIMING-17#900 Critical Warning
Non-clocked sequential cell  
The clock pin u_data_memory/mem_reg[1100][3]/C is not reached by a timing clock
Related violations: <none>

TIMING-17#901 Critical Warning
Non-clocked sequential cell  
The clock pin u_data_memory/mem_reg[1100][4]/C is not reached by a timing clock
Related violations: <none>

TIMING-17#902 Critical Warning
Non-clocked sequential cell  
The clock pin u_data_memory/mem_reg[1100][5]/C is not reached by a timing clock
Related violations: <none>

TIMING-17#903 Critical Warning
Non-clocked sequential cell  
The clock pin u_data_memory/mem_reg[1100][6]/C is not reached by a timing clock
Related violations: <none>

TIMING-17#904 Critical Warning
Non-clocked sequential cell  
The clock pin u_data_memory/mem_reg[1100][7]/C is not reached by a timing clock
Related violations: <none>

TIMING-17#905 Critical Warning
Non-clocked sequential cell  
The clock pin u_data_memory/mem_reg[1101][0]/C is not reached by a timing clock
Related violations: <none>

TIMING-17#906 Critical Warning
Non-clocked sequential cell  
The clock pin u_data_memory/mem_reg[1101][1]/C is not reached by a timing clock
Related violations: <none>

TIMING-17#907 Critical Warning
Non-clocked sequential cell  
The clock pin u_data_memory/mem_reg[1101][2]/C is not reached by a timing clock
Related violations: <none>

TIMING-17#908 Critical Warning
Non-clocked sequential cell  
The clock pin u_data_memory/mem_reg[1101][3]/C is not reached by a timing clock
Related violations: <none>

TIMING-17#909 Critical Warning
Non-clocked sequential cell  
The clock pin u_data_memory/mem_reg[1101][4]/C is not reached by a timing clock
Related violations: <none>

TIMING-17#910 Critical Warning
Non-clocked sequential cell  
The clock pin u_data_memory/mem_reg[1101][5]/C is not reached by a timing clock
Related violations: <none>

TIMING-17#911 Critical Warning
Non-clocked sequential cell  
The clock pin u_data_memory/mem_reg[1101][6]/C is not reached by a timing clock
Related violations: <none>

TIMING-17#912 Critical Warning
Non-clocked sequential cell  
The clock pin u_data_memory/mem_reg[1101][7]/C is not reached by a timing clock
Related violations: <none>

TIMING-17#913 Critical Warning
Non-clocked sequential cell  
The clock pin u_data_memory/mem_reg[1102][0]/C is not reached by a timing clock
Related violations: <none>

TIMING-17#914 Critical Warning
Non-clocked sequential cell  
The clock pin u_data_memory/mem_reg[1102][1]/C is not reached by a timing clock
Related violations: <none>

TIMING-17#915 Critical Warning
Non-clocked sequential cell  
The clock pin u_data_memory/mem_reg[1102][2]/C is not reached by a timing clock
Related violations: <none>

TIMING-17#916 Critical Warning
Non-clocked sequential cell  
The clock pin u_data_memory/mem_reg[1102][3]/C is not reached by a timing clock
Related violations: <none>

TIMING-17#917 Critical Warning
Non-clocked sequential cell  
The clock pin u_data_memory/mem_reg[1102][4]/C is not reached by a timing clock
Related violations: <none>

TIMING-17#918 Critical Warning
Non-clocked sequential cell  
The clock pin u_data_memory/mem_reg[1102][5]/C is not reached by a timing clock
Related violations: <none>

TIMING-17#919 Critical Warning
Non-clocked sequential cell  
The clock pin u_data_memory/mem_reg[1102][6]/C is not reached by a timing clock
Related violations: <none>

TIMING-17#920 Critical Warning
Non-clocked sequential cell  
The clock pin u_data_memory/mem_reg[1102][7]/C is not reached by a timing clock
Related violations: <none>

TIMING-17#921 Critical Warning
Non-clocked sequential cell  
The clock pin u_data_memory/mem_reg[1103][0]/C is not reached by a timing clock
Related violations: <none>

TIMING-17#922 Critical Warning
Non-clocked sequential cell  
The clock pin u_data_memory/mem_reg[1103][1]/C is not reached by a timing clock
Related violations: <none>

TIMING-17#923 Critical Warning
Non-clocked sequential cell  
The clock pin u_data_memory/mem_reg[1103][2]/C is not reached by a timing clock
Related violations: <none>

TIMING-17#924 Critical Warning
Non-clocked sequential cell  
The clock pin u_data_memory/mem_reg[1103][3]/C is not reached by a timing clock
Related violations: <none>

TIMING-17#925 Critical Warning
Non-clocked sequential cell  
The clock pin u_data_memory/mem_reg[1103][4]/C is not reached by a timing clock
Related violations: <none>

TIMING-17#926 Critical Warning
Non-clocked sequential cell  
The clock pin u_data_memory/mem_reg[1103][5]/C is not reached by a timing clock
Related violations: <none>

TIMING-17#927 Critical Warning
Non-clocked sequential cell  
The clock pin u_data_memory/mem_reg[1103][6]/C is not reached by a timing clock
Related violations: <none>

TIMING-17#928 Critical Warning
Non-clocked sequential cell  
The clock pin u_data_memory/mem_reg[1103][7]/C is not reached by a timing clock
Related violations: <none>

TIMING-17#929 Critical Warning
Non-clocked sequential cell  
The clock pin u_data_memory/mem_reg[1104][0]/C is not reached by a timing clock
Related violations: <none>

TIMING-17#930 Critical Warning
Non-clocked sequential cell  
The clock pin u_data_memory/mem_reg[1104][1]/C is not reached by a timing clock
Related violations: <none>

TIMING-17#931 Critical Warning
Non-clocked sequential cell  
The clock pin u_data_memory/mem_reg[1104][2]/C is not reached by a timing clock
Related violations: <none>

TIMING-17#932 Critical Warning
Non-clocked sequential cell  
The clock pin u_data_memory/mem_reg[1104][3]/C is not reached by a timing clock
Related violations: <none>

TIMING-17#933 Critical Warning
Non-clocked sequential cell  
The clock pin u_data_memory/mem_reg[1104][4]/C is not reached by a timing clock
Related violations: <none>

TIMING-17#934 Critical Warning
Non-clocked sequential cell  
The clock pin u_data_memory/mem_reg[1104][5]/C is not reached by a timing clock
Related violations: <none>

TIMING-17#935 Critical Warning
Non-clocked sequential cell  
The clock pin u_data_memory/mem_reg[1104][6]/C is not reached by a timing clock
Related violations: <none>

TIMING-17#936 Critical Warning
Non-clocked sequential cell  
The clock pin u_data_memory/mem_reg[1104][7]/C is not reached by a timing clock
Related violations: <none>

TIMING-17#937 Critical Warning
Non-clocked sequential cell  
The clock pin u_data_memory/mem_reg[1105][0]/C is not reached by a timing clock
Related violations: <none>

TIMING-17#938 Critical Warning
Non-clocked sequential cell  
The clock pin u_data_memory/mem_reg[1105][1]/C is not reached by a timing clock
Related violations: <none>

TIMING-17#939 Critical Warning
Non-clocked sequential cell  
The clock pin u_data_memory/mem_reg[1105][2]/C is not reached by a timing clock
Related violations: <none>

TIMING-17#940 Critical Warning
Non-clocked sequential cell  
The clock pin u_data_memory/mem_reg[1105][3]/C is not reached by a timing clock
Related violations: <none>

TIMING-17#941 Critical Warning
Non-clocked sequential cell  
The clock pin u_data_memory/mem_reg[1105][4]/C is not reached by a timing clock
Related violations: <none>

TIMING-17#942 Critical Warning
Non-clocked sequential cell  
The clock pin u_data_memory/mem_reg[1105][5]/C is not reached by a timing clock
Related violations: <none>

TIMING-17#943 Critical Warning
Non-clocked sequential cell  
The clock pin u_data_memory/mem_reg[1105][6]/C is not reached by a timing clock
Related violations: <none>

TIMING-17#944 Critical Warning
Non-clocked sequential cell  
The clock pin u_data_memory/mem_reg[1105][7]/C is not reached by a timing clock
Related violations: <none>

TIMING-17#945 Critical Warning
Non-clocked sequential cell  
The clock pin u_data_memory/mem_reg[1106][0]/C is not reached by a timing clock
Related violations: <none>

TIMING-17#946 Critical Warning
Non-clocked sequential cell  
The clock pin u_data_memory/mem_reg[1106][1]/C is not reached by a timing clock
Related violations: <none>

TIMING-17#947 Critical Warning
Non-clocked sequential cell  
The clock pin u_data_memory/mem_reg[1106][2]/C is not reached by a timing clock
Related violations: <none>

TIMING-17#948 Critical Warning
Non-clocked sequential cell  
The clock pin u_data_memory/mem_reg[1106][3]/C is not reached by a timing clock
Related violations: <none>

TIMING-17#949 Critical Warning
Non-clocked sequential cell  
The clock pin u_data_memory/mem_reg[1106][4]/C is not reached by a timing clock
Related violations: <none>

TIMING-17#950 Critical Warning
Non-clocked sequential cell  
The clock pin u_data_memory/mem_reg[1106][5]/C is not reached by a timing clock
Related violations: <none>

TIMING-17#951 Critical Warning
Non-clocked sequential cell  
The clock pin u_data_memory/mem_reg[1106][6]/C is not reached by a timing clock
Related violations: <none>

TIMING-17#952 Critical Warning
Non-clocked sequential cell  
The clock pin u_data_memory/mem_reg[1106][7]/C is not reached by a timing clock
Related violations: <none>

TIMING-17#953 Critical Warning
Non-clocked sequential cell  
The clock pin u_data_memory/mem_reg[1107][0]/C is not reached by a timing clock
Related violations: <none>

TIMING-17#954 Critical Warning
Non-clocked sequential cell  
The clock pin u_data_memory/mem_reg[1107][1]/C is not reached by a timing clock
Related violations: <none>

TIMING-17#955 Critical Warning
Non-clocked sequential cell  
The clock pin u_data_memory/mem_reg[1107][2]/C is not reached by a timing clock
Related violations: <none>

TIMING-17#956 Critical Warning
Non-clocked sequential cell  
The clock pin u_data_memory/mem_reg[1107][3]/C is not reached by a timing clock
Related violations: <none>

TIMING-17#957 Critical Warning
Non-clocked sequential cell  
The clock pin u_data_memory/mem_reg[1107][4]/C is not reached by a timing clock
Related violations: <none>

TIMING-17#958 Critical Warning
Non-clocked sequential cell  
The clock pin u_data_memory/mem_reg[1107][5]/C is not reached by a timing clock
Related violations: <none>

TIMING-17#959 Critical Warning
Non-clocked sequential cell  
The clock pin u_data_memory/mem_reg[1107][6]/C is not reached by a timing clock
Related violations: <none>

TIMING-17#960 Critical Warning
Non-clocked sequential cell  
The clock pin u_data_memory/mem_reg[1107][7]/C is not reached by a timing clock
Related violations: <none>

TIMING-17#961 Critical Warning
Non-clocked sequential cell  
The clock pin u_data_memory/mem_reg[1108][0]/C is not reached by a timing clock
Related violations: <none>

TIMING-17#962 Critical Warning
Non-clocked sequential cell  
The clock pin u_data_memory/mem_reg[1108][1]/C is not reached by a timing clock
Related violations: <none>

TIMING-17#963 Critical Warning
Non-clocked sequential cell  
The clock pin u_data_memory/mem_reg[1108][2]/C is not reached by a timing clock
Related violations: <none>

TIMING-17#964 Critical Warning
Non-clocked sequential cell  
The clock pin u_data_memory/mem_reg[1108][3]/C is not reached by a timing clock
Related violations: <none>

TIMING-17#965 Critical Warning
Non-clocked sequential cell  
The clock pin u_data_memory/mem_reg[1108][4]/C is not reached by a timing clock
Related violations: <none>

TIMING-17#966 Critical Warning
Non-clocked sequential cell  
The clock pin u_data_memory/mem_reg[1108][5]/C is not reached by a timing clock
Related violations: <none>

TIMING-17#967 Critical Warning
Non-clocked sequential cell  
The clock pin u_data_memory/mem_reg[1108][6]/C is not reached by a timing clock
Related violations: <none>

TIMING-17#968 Critical Warning
Non-clocked sequential cell  
The clock pin u_data_memory/mem_reg[1108][7]/C is not reached by a timing clock
Related violations: <none>

TIMING-17#969 Critical Warning
Non-clocked sequential cell  
The clock pin u_data_memory/mem_reg[1109][0]/C is not reached by a timing clock
Related violations: <none>

TIMING-17#970 Critical Warning
Non-clocked sequential cell  
The clock pin u_data_memory/mem_reg[1109][1]/C is not reached by a timing clock
Related violations: <none>

TIMING-17#971 Critical Warning
Non-clocked sequential cell  
The clock pin u_data_memory/mem_reg[1109][2]/C is not reached by a timing clock
Related violations: <none>

TIMING-17#972 Critical Warning
Non-clocked sequential cell  
The clock pin u_data_memory/mem_reg[1109][3]/C is not reached by a timing clock
Related violations: <none>

TIMING-17#973 Critical Warning
Non-clocked sequential cell  
The clock pin u_data_memory/mem_reg[1109][4]/C is not reached by a timing clock
Related violations: <none>

TIMING-17#974 Critical Warning
Non-clocked sequential cell  
The clock pin u_data_memory/mem_reg[1109][5]/C is not reached by a timing clock
Related violations: <none>

TIMING-17#975 Critical Warning
Non-clocked sequential cell  
The clock pin u_data_memory/mem_reg[1109][6]/C is not reached by a timing clock
Related violations: <none>

TIMING-17#976 Critical Warning
Non-clocked sequential cell  
The clock pin u_data_memory/mem_reg[1109][7]/C is not reached by a timing clock
Related violations: <none>

TIMING-17#977 Critical Warning
Non-clocked sequential cell  
The clock pin u_data_memory/mem_reg[110][0]/C is not reached by a timing clock
Related violations: <none>

TIMING-17#978 Critical Warning
Non-clocked sequential cell  
The clock pin u_data_memory/mem_reg[110][1]/C is not reached by a timing clock
Related violations: <none>

TIMING-17#979 Critical Warning
Non-clocked sequential cell  
The clock pin u_data_memory/mem_reg[110][2]/C is not reached by a timing clock
Related violations: <none>

TIMING-17#980 Critical Warning
Non-clocked sequential cell  
The clock pin u_data_memory/mem_reg[110][3]/C is not reached by a timing clock
Related violations: <none>

TIMING-17#981 Critical Warning
Non-clocked sequential cell  
The clock pin u_data_memory/mem_reg[110][4]/C is not reached by a timing clock
Related violations: <none>

TIMING-17#982 Critical Warning
Non-clocked sequential cell  
The clock pin u_data_memory/mem_reg[110][5]/C is not reached by a timing clock
Related violations: <none>

TIMING-17#983 Critical Warning
Non-clocked sequential cell  
The clock pin u_data_memory/mem_reg[110][6]/C is not reached by a timing clock
Related violations: <none>

TIMING-17#984 Critical Warning
Non-clocked sequential cell  
The clock pin u_data_memory/mem_reg[110][7]/C is not reached by a timing clock
Related violations: <none>

TIMING-17#985 Critical Warning
Non-clocked sequential cell  
The clock pin u_data_memory/mem_reg[1110][0]/C is not reached by a timing clock
Related violations: <none>

TIMING-17#986 Critical Warning
Non-clocked sequential cell  
The clock pin u_data_memory/mem_reg[1110][1]/C is not reached by a timing clock
Related violations: <none>

TIMING-17#987 Critical Warning
Non-clocked sequential cell  
The clock pin u_data_memory/mem_reg[1110][2]/C is not reached by a timing clock
Related violations: <none>

TIMING-17#988 Critical Warning
Non-clocked sequential cell  
The clock pin u_data_memory/mem_reg[1110][3]/C is not reached by a timing clock
Related violations: <none>

TIMING-17#989 Critical Warning
Non-clocked sequential cell  
The clock pin u_data_memory/mem_reg[1110][4]/C is not reached by a timing clock
Related violations: <none>

TIMING-17#990 Critical Warning
Non-clocked sequential cell  
The clock pin u_data_memory/mem_reg[1110][5]/C is not reached by a timing clock
Related violations: <none>

TIMING-17#991 Critical Warning
Non-clocked sequential cell  
The clock pin u_data_memory/mem_reg[1110][6]/C is not reached by a timing clock
Related violations: <none>

TIMING-17#992 Critical Warning
Non-clocked sequential cell  
The clock pin u_data_memory/mem_reg[1110][7]/C is not reached by a timing clock
Related violations: <none>

TIMING-17#993 Critical Warning
Non-clocked sequential cell  
The clock pin u_data_memory/mem_reg[1111][0]/C is not reached by a timing clock
Related violations: <none>

TIMING-17#994 Critical Warning
Non-clocked sequential cell  
The clock pin u_data_memory/mem_reg[1111][1]/C is not reached by a timing clock
Related violations: <none>

TIMING-17#995 Critical Warning
Non-clocked sequential cell  
The clock pin u_data_memory/mem_reg[1111][2]/C is not reached by a timing clock
Related violations: <none>

TIMING-17#996 Critical Warning
Non-clocked sequential cell  
The clock pin u_data_memory/mem_reg[1111][3]/C is not reached by a timing clock
Related violations: <none>

TIMING-17#997 Critical Warning
Non-clocked sequential cell  
The clock pin u_data_memory/mem_reg[1111][4]/C is not reached by a timing clock
Related violations: <none>

TIMING-17#998 Critical Warning
Non-clocked sequential cell  
The clock pin u_data_memory/mem_reg[1111][5]/C is not reached by a timing clock
Related violations: <none>

TIMING-17#999 Critical Warning
Non-clocked sequential cell  
The clock pin u_data_memory/mem_reg[1111][6]/C is not reached by a timing clock
Related violations: <none>

TIMING-17#1000 Critical Warning
Non-clocked sequential cell  
The clock pin u_data_memory/mem_reg[1111][7]/C is not reached by a timing clock
Related violations: <none>


